[{"filename": "100.jpg", "size": 627785, "regions": [{"shape_attributes": {"name": "polyline", "all_points_x": [1159, 1070, 1032, 1044, 975, 911, 914, 838, 886, 841, 860, 929, 978, 1042, 1060, 1118, 1159], "all_points_y": [540, 512, 422, 347, 232, 257, 303, 369, 456, 501, 535, 568, 545, 571, 593, 571, 537]}, "region_attributes": {"name": "smoke\n"}}, {"shape_attributes": {"name": "rect", "x": 766, "y": 231, "width": 428, "height": 385}, "region_attributes": {"name": "bounding box\n"}}], "file_attributes": {}}]