[{"filename": "101.jpg", "size": 435322, "regions": [{"shape_attributes": {"name": "polyline", "all_points_x": [575, 614, 673, 682, 858, 965, 1090, 1156, 1915, 1915, 1913, 1775, 1681, 1545, 1457, 1294, 1200, 1064, 1047, 927, 873, 685, 757, 634, 581, 570], "all_points_y": [422, 343, 339, 158, 100, 155, 104, 3, 3, 68, 303, 356, 403, 435, 346, 395, 478, 566, 631, 583, 598, 532, 492, 441, 441, 417]}, "region_attributes": {"name": "smoke\n"}}, {"shape_attributes": {"name": "rect", "x": 535, "y": 7, "width": 1385, "height": 637}, "region_attributes": {"name": "bounding box\n"}}], "file_attributes": {}}]