[{"filename": "102.jpg", "size": 459284, "regions": [{"shape_attributes": {"name": "polyline", "all_points_x": [481, 456, 476, 516, 548, 587, 626, 731, 795, 815, 812, 852, 881, 928, 1913, 1908, 1745, 1468, 1287, 1161, 1147, 1147, 1026, 928, 859, 712, 741, 634, 562, 540, 479], "all_points_y": [391, 371, 265, 263, 290, 275, 297, 255, 177, 170, 121, 88, 98, 7, 8, 378, 369, 383, 371, 418, 486, 510, 570, 582, 591, 528, 481, 439, 439, 418, 391]}, "region_attributes": {"name": "smoke\n"}}, {"shape_attributes": {"name": "rect", "x": 391, "y": 0, "width": 1529, "height": 614}, "region_attributes": {"name": "bounding box\n"}}], "file_attributes": {}}]