[{"filename": "103.jpg", "size": 303367, "regions": [{"shape_attributes": {"name": "polyline", "all_points_x": [368, 400, 405, 474, 440, 513, 666, 746, 832, 1090, 1154, 1562, 1642, 1581, 1780, 1817, 1537, 1405, 1242, 1112, 908, 832, 800, 614, 668, 584, 477, 368], "all_points_y": [666, 619, 587, 550, 542, 395, 278, 165, 229, 44, 0, 5, 121, 310, 316, 439, 607, 609, 719, 796, 887, 877, 877, 823, 776, 744, 717, 666]}, "region_attributes": {"name": "smoke\n"}}, {"shape_attributes": {"name": "rect", "x": 329, "y": 5, "width": 1518, "height": 913}, "region_attributes": {"name": "bounding box\n"}}], "file_attributes": {}}]