[{"filename": "104.jpg", "size": 297860, "regions": [{"shape_attributes": {"name": "polyline", "all_points_x": [243, 267, 260, 289, 289, 429, 537, 675, 761, 833, 879, 980, 1130, 1208, 1272, 1340, 1448, 1277, 1098, 1026, 967, 904, 822, 639, 680, 552, 445, 305, 240], "all_points_y": [665, 506, 415, 395, 241, 326, 241, 277, 331, 317, 148, 7, 110, 29, 44, 174, 253, 429, 533, 628, 663, 852, 893, 830, 781, 739, 710, 677, 663]}, "region_attributes": {"name": "smoke\n"}}, {"shape_attributes": {"name": "rect", "x": 133, "y": 8, "width": 1385, "height": 909}, "region_attributes": {"name": "bounding box\n"}}], "file_attributes": {}}]