[{"filename": "105.jpg", "size": 284012, "regions": [{"shape_attributes": {"name": "polyline", "all_points_x": [751, 1065, 1263, 1250, 1339, 1451, 1607, 1729, 1876, 1892, 1894, 1678, 1599, 1428, 1322, 886, 675], "all_points_y": [524, 527, 376, 289, 134, 62, 96, 208, 301, 306, 725, 786, 806, 778, 711, 647, 647]}, "region_attributes": {"name": "smoke\n"}}, {"shape_attributes": {"name": "polyline", "all_points_x": [753, 682], "all_points_y": [522, 641]}, "region_attributes": {"name": ""}}, {"shape_attributes": {"name": "rect", "x": 632, "y": 48, "width": 1268, "height": 782}, "region_attributes": {"name": "bounding box\n"}}], "file_attributes": {}}]