[{"filename": "106.jpg", "size": 274441, "regions": [{"shape_attributes": {"name": "polyline", "all_points_x": [970, 955, 989, 990, 899, 832, 813, 697, 655, 467, 300, 321, 0, 3, 148, 329, 523, 747, 773, 685, 688, 599, 503, 538, 739, 930, 994], "all_points_y": [665, 582, 494, 310, 282, 283, 202, 240, 199, 229, 154, 71, 2, 348, 447, 474, 474, 402, 410, 508, 609, 612, 665, 736, 709, 688, 673]}, "region_attributes": {"name": "smoke\n"}}, {"shape_attributes": {"name": "rect", "x": 13, "y": 7, "width": 1056, "height": 771}, "region_attributes": {"name": "bounding box\n"}}], "file_attributes": {}}]