[{"filename": "108.jpg", "size": 504582, "regions": [{"shape_attributes": {"name": "polyline", "all_points_x": [800, 743, 759, 749, 825, 810, 784, 853, 774, 800, 703, 560, 530, 519, 578, 596, 627, 538, 517, 517, 550, 571, 613, 649, 731, 797], "all_points_y": [787, 738, 613, 527, 466, 384, 341, 231, 171, 71, 3, 3, 87, 193, 282, 387, 474, 545, 631, 654, 723, 731, 759, 777, 784, 790]}, "region_attributes": {"name": "smoke\n"}}, {"shape_attributes": {"name": "rect", "x": 375, "y": 3, "width": 514, "height": 815}, "region_attributes": {"name": "bounding box\n"}}], "file_attributes": {}}]