[{"filename": "109.jpg", "size": 473904, "regions": [{"shape_attributes": {"name": "polyline", "all_points_x": [670, 538, 520, 571, 469, 420, 405, 935, 950, 1067, 1123, 1144, 1146, 1064, 1000, 1004, 886, 874, 858, 853, 807, 840, 664], "all_points_y": [771, 693, 568, 417, 293, 69, 0, 0, 53, 117, 191, 239, 321, 370, 471, 525, 522, 598, 637, 723, 744, 790, 766]}, "region_attributes": {"name": "smoke\n"}}, {"shape_attributes": {"name": "rect", "x": 303, "y": 3, "width": 912, "height": 800}, "region_attributes": {"name": "bounding box\n"}}], "file_attributes": {}}]