[{"filename": "11.jpg", "size": 455796, "regions": [{"shape_attributes": {"name": "polyline", "all_points_x": [134, 170, 218, 243, 243, 45, 195, 307, 352, 424, 439, 730, 839, 890, 924, 1013, 1045, 1640, 1640, 1752, 1757, 1794, 1733, 1590, 1494, 1399, 1271, 984, 873, 777, 706, 589, 508, 457, 350, 262, 209, 153, 131], "all_points_y": [559, 543, 499, 490, 469, 439, 400, 385, 355, 376, 391, 152, 78, 78, 80, 24, 3, 0, 126, 123, 3, 0, 497, 502, 529, 502, 497, 458, 418, 427, 467, 497, 517, 512, 535, 544, 553, 571, 559]}, "region_attributes": {"name": "smoke\n\n"}}, {"shape_attributes": {"name": "rect", "x": 20, "y": 6, "width": 1775, "height": 573}, "region_attributes": {"name": "bounding box\n"}}], "file_attributes": {}}]