[{"filename": "110.jpg", "size": 484056, "regions": [{"shape_attributes": {"name": "polyline", "all_points_x": [799, 739, 672, 761, 734, 797, 807, 734, 718, 0, 5, 234, 425, 478, 576, 655, 759, 794, 794], "all_points_y": [733, 627, 599, 557, 430, 303, 191, 138, 2, 5, 606, 690, 716, 725, 753, 779, 784, 781, 725]}, "region_attributes": {"name": "smoke\n"}}, {"shape_attributes": {"name": "rect", "x": 8, "y": 13, "width": 871, "height": 774}, "region_attributes": {"name": "bounding box\n"}}], "file_attributes": {}}]