[{"filename": "111.jpg", "size": 439570, "regions": [{"shape_attributes": {"name": "polyline", "all_points_x": [588, 583, 535, 550, 585, 637, 621, 645, 660, 578, 557, 593, 632, 522, 464, 1179, 1158, 1189, 1146, 1116, 1062, 1059, 1032, 1016, 967, 901, 850, 652, 593], "all_points_y": [774, 728, 705, 654, 670, 654, 588, 540, 463, 344, 263, 147, 119, 91, 12, 5, 61, 150, 196, 237, 375, 514, 593, 725, 762, 718, 800, 774, 777]}, "region_attributes": {"name": "smoke\n"}}, {"shape_attributes": {"name": "rect", "x": 366, "y": 3, "width": 929, "height": 813}, "region_attributes": {"name": "bounding box\n"}}], "file_attributes": {}}]