[{"filename": "113.jpg", "size": 579591, "regions": [{"shape_attributes": {"name": "polyline", "all_points_x": [1130, 1037, 998, 904, 873, 853, 637, 529, 466, 392, 374, 506, 522, 557, 580, 3, 3, 25, 89, 273, 380, 510, 616, 785, 891, 1032, 1057, 1097, 1123, 1120], "all_points_y": [914, 815, 718, 698, 553, 501, 428, 441, 479, 372, 315, 313, 313, 166, 0, 7, 291, 537, 711, 809, 736, 817, 861, 899, 912, 952, 960, 937, 945, 902]}, "region_attributes": {"name": "smoke\n"}}, {"shape_attributes": {"name": "rect", "x": 0, "y": 2, "width": 1199, "height": 968}, "region_attributes": {"name": "bounding box\n"}}], "file_attributes": {}}]