[{"filename": "114.jpg", "size": 744380, "regions": [{"shape_attributes": {"name": "polyline", "all_points_x": [1411, 1349, 1275, 1107, 1350, 398, 519, 583, 603, 464, 326, 280, 194, 68, 273, 481, 514, 743, 922, 1075, 1344, 1410], "all_points_y": [827, 670, 412, 303, 3, 0, 226, 283, 315, 329, 392, 514, 545, 614, 673, 823, 802, 777, 769, 802, 856, 823]}, "region_attributes": {"name": "smoke\n"}}, {"shape_attributes": {"name": "rect", "x": 44, "y": 7, "width": 1485, "height": 864}, "region_attributes": {"name": "bounding box\n"}}], "file_attributes": {}}]