[{"filename": "115.jpg", "size": 956881, "regions": [{"shape_attributes": {"name": "polyline", "all_points_x": [319, 328, 440, 446, 372, 672, 873, 980, 1130, 1388, 1452, 1411, 1189, 1036, 948, 912, 833, 789, 731, 650, 566, 494, 398, 268, 128, 0, 2, 321], "all_points_y": [3, 79, 150, 259, 326, 382, 453, 524, 397, 392, 413, 706, 715, 785, 785, 766, 771, 794, 777, 785, 695, 657, 637, 672, 632, 586, 3, 7]}, "region_attributes": {"name": "smoke\n"}}, {"shape_attributes": {"name": "rect", "x": 3, "y": 7, "width": 1533, "height": 823}, "region_attributes": {"name": "bounding box\n"}}], "file_attributes": {}}]