[{"filename": "116.jpg", "size": 728041, "regions": [{"shape_attributes": {"name": "polyline", "all_points_x": [1186, 1024, 897, 792, 757, 802, 721, 7, 5, 254, 446, 669, 799, 925, 1151, 1209, 1174], "all_points_y": [609, 540, 450, 431, 341, 194, 0, 3, 930, 1024, 922, 906, 841, 685, 669, 636, 601]}, "region_attributes": {"name": "smoke\n"}}, {"shape_attributes": {"name": "rect", "x": 3, "y": 3, "width": 1330, "height": 1031}, "region_attributes": {"name": "bounding box\n"}}], "file_attributes": {}}]