[{"filename": "119.jpg", "size": 241906, "regions": [{"shape_attributes": {"name": "polyline", "all_points_x": [1024, 958, 930, 922, 896, 879, 813, 787, 751, 688, 631, 576, 448, 305, 300, 359, 361, 389, 644, 734, 813, 869, 906, 998, 1024], "all_points_y": [837, 787, 721, 703, 697, 670, 647, 652, 613, 566, 560, 380, 303, 352, 454, 435, 540, 566, 698, 731, 718, 744, 822, 855, 841]}, "region_attributes": {"name": "smoke\n"}}, {"shape_attributes": {"name": "rect", "x": 234, "y": 221, "width": 843, "height": 697}, "region_attributes": {"name": "bounding box\n"}}], "file_attributes": {}}]