[{"filename": "120.jpg", "size": 247339, "regions": [{"shape_attributes": {"name": "polyline", "all_points_x": [1531, 1479, 1464, 1370, 1334, 1200, 1083, 998, 942, 853, 690, 603, 576, 450, 464, 641, 754, 940, 1163, 1251, 1337, 1436, 1536, 1531], "all_points_y": [586, 570, 530, 514, 461, 389, 338, 329, 382, 390, 296, 323, 349, 310, 593, 578, 581, 591, 614, 645, 619, 609, 599, 588]}, "region_attributes": {"name": "smoke\n"}}, {"shape_attributes": {"name": "rect", "x": 451, "y": 259, "width": 1149, "height": 395}, "region_attributes": {"name": "bounding box\n"}}], "file_attributes": {}}]