[{"filename": "121.jpg", "size": 344868, "regions": [{"shape_attributes": {"name": "polyline", "all_points_x": [743, 827, 863, 958, 983, 952, 970, 1051, 1116, 1167, 1139, 1204, 1332, 1406, 1913, 1912, 1836, 1785, 1724, 1426, 1128, 858, 743], "all_points_y": [565, 474, 369, 405, 387, 356, 273, 237, 277, 186, 137, 97, 66, 3, 5, 441, 464, 506, 583, 603, 593, 586, 565]}, "region_attributes": {"name": "smoke\n"}}, {"shape_attributes": {"name": "rect", "x": 716, "y": 12, "width": 1192, "height": 611}, "region_attributes": {"name": "bounding box\n"}}], "file_attributes": {}}]