[{"filename": "122.jpg", "size": 389986, "regions": [{"shape_attributes": {"name": "polyline", "all_points_x": [138, 278, 380, 356, 447, 496, 624, 769, 872, 1913, 1907, 1799, 1638, 1589, 1495, 1311, 1144, 1070, 920, 641, 334, 219, 145], "all_points_y": [513, 410, 339, 211, 179, 123, 37, 42, 0, 7, 201, 160, 307, 337, 415, 390, 425, 531, 553, 548, 540, 531, 518]}, "region_attributes": {"name": "smoke\n"}}, {"shape_attributes": {"name": "rect", "x": 40, "y": 7, "width": 1868, "height": 582}, "region_attributes": {"name": "bounding box\n"}}], "file_attributes": {}}]