[{"filename": "123.jpg", "size": 323034, "regions": [{"shape_attributes": {"name": "polyline", "all_points_x": [1009, 960, 928, 876, 790, 764, 790, 781, 712, 705, 575, 430, 226, 201, 322, 359, 408, 511, 580, 719, 817, 921, 972, 1012], "all_points_y": [503, 486, 454, 488, 484, 425, 398, 364, 358, 418, 425, 342, 324, 383, 395, 385, 445, 494, 525, 538, 520, 525, 525, 503]}, "region_attributes": {"name": "smoke\n"}}, {"shape_attributes": {"name": "rect", "x": 182, "y": 304, "width": 925, "height": 256}, "region_attributes": {"name": "bounding box\n"}}], "file_attributes": {}}]