[{"filename": "125.jpg", "size": 329301, "regions": [{"shape_attributes": {"name": "polyline", "all_points_x": [380, 415, 667, 795, 827, 636, 593, 636, 1640, 1615, 1622, 1915, 1920, 1502, 1163, 983, 873, 802, 781, 766, 677, 655, 603, 479, 417, 395, 333, 245, 188, 181, 224, 384], "all_points_y": [346, 445, 431, 356, 219, 239, 110, 7, 2, 46, 89, 96, 489, 507, 501, 514, 534, 573, 558, 527, 568, 552, 593, 586, 581, 552, 578, 557, 529, 385, 306, 344]}, "region_attributes": {"name": "smoke\n"}}, {"shape_attributes": {"name": "rect", "x": 69, "y": 7, "width": 1849, "height": 639}, "region_attributes": {"name": "bounding box\n"}}], "file_attributes": {}}]