[{"filename": "129.jpg", "size": 189315, "regions": [{"shape_attributes": {"name": "polyline", "all_points_x": [930, 827, 713, 575, 453, 542, 621, 708, 748, 879, 820, 672, 604, 570, 700, 851, 911, 934], "all_points_y": [586, 540, 525, 575, 586, 636, 654, 660, 675, 659, 626, 626, 642, 617, 586, 599, 608, 590]}, "region_attributes": {"name": "smoke\n"}}, {"shape_attributes": {"name": "rect", "x": 436, "y": 517, "width": 542, "height": 168}, "region_attributes": {"name": "bounding box\n"}}], "file_attributes": {}}]