[{"filename": "13.jpg", "size": 381334, "regions": [{"shape_attributes": {"name": "polyline", "all_points_x": [614, 689, 719, 791, 881, 907, 773, 668, 628, 765, 991, 1091, 1640, 1640, 1748, 1753, 1815, 1812, 1626, 1396, 1229, 1154, 1108, 1088, 1008, 971, 902, 858, 788, 691, 613], "all_points_y": [559, 453, 483, 480, 410, 373, 334, 262, 177, 79, 49, 2, 5, 127, 123, 2, 2, 512, 538, 553, 555, 544, 549, 575, 578, 547, 585, 596, 561, 555, 559]}, "region_attributes": {"name": "smoke\n"}}, {"shape_attributes": {"name": "rect", "x": 540, "y": 0, "width": 1271, "height": 611}, "region_attributes": {"name": "bounding box\n"}}], "file_attributes": {}}]