[{"filename": "131.jpg", "size": 186358, "regions": [{"shape_attributes": {"name": "polyline", "all_points_x": [927, 894, 858, 781, 751, 731, 690, 700, 672, 578, 558, 525, 538, 576, 669, 767, 784, 815, 856, 879, 920, 929], "all_points_y": [594, 532, 491, 463, 501, 481, 499, 524, 542, 517, 499, 540, 593, 637, 606, 599, 558, 560, 580, 606, 604, 596]}, "region_attributes": {"name": "smoke\n"}}, {"shape_attributes": {"name": "rect", "x": 497, "y": 443, "width": 474, "height": 212}, "region_attributes": {"name": "bounding box\n"}}], "file_attributes": {}}]