[{"filename": "132.jpg", "size": 188050, "regions": [{"shape_attributes": {"name": "polyline", "all_points_x": [932, 886, 879, 904, 894, 761, 734, 703, 698, 639, 517, 481, 450, 450, 471, 530, 570, 669, 764, 874, 934, 927], "all_points_y": [580, 558, 534, 504, 487, 445, 486, 486, 461, 459, 468, 482, 482, 520, 558, 583, 593, 603, 603, 609, 606, 580]}, "region_attributes": {"name": "smoke\n"}}, {"shape_attributes": {"name": "rect", "x": 431, "y": 425, "width": 525, "height": 217}, "region_attributes": {"name": "bbox\n"}}], "file_attributes": {}}]