[{"filename": "133.jpg", "size": 156362, "regions": [{"shape_attributes": {"name": "polyline", "all_points_x": [957, 787, 730, 624, 542, 368, 239, 83, 91, 147, 272, 377, 453, 532, 769, 783, 896, 967, 954], "all_points_y": [583, 443, 453, 479, 504, 501, 496, 520, 573, 586, 571, 575, 590, 622, 586, 586, 613, 586, 578]}, "region_attributes": {"name": "smoke\n"}}, {"shape_attributes": {"name": "rect", "x": 49, "y": 425, "width": 948, "height": 260}, "region_attributes": {"name": "bounding box\n"}}], "file_attributes": {}}]