[{"filename": "134.jpg", "size": 169708, "regions": [{"shape_attributes": {"name": "polyline", "all_points_x": [10, 626, 734, 708, 813, 896, 958, 995, 1044, 1149, 1176, 1209, 1395, 1441, 1457, 1431, 1191, 1036, 1046, 1014, 920, 553, 181, 7, 16], "all_points_y": [454, 451, 415, 385, 324, 303, 193, 186, 86, 84, 84, 140, 112, 147, 267, 305, 285, 367, 405, 593, 613, 580, 560, 565, 453]}, "region_attributes": {"name": "smoke\n"}}, {"shape_attributes": {"name": "rect", "x": 3, "y": 41, "width": 1512, "height": 632}, "region_attributes": {"name": "bounding box\n"}}], "file_attributes": {}}]