[{"filename": "135.jpg", "size": 188779, "regions": [{"shape_attributes": {"name": "polyline", "all_points_x": [807, 813, 481, 252, 13, 2, 214, 374, 558, 669, 695, 812, 848, 1049, 1314, 1360, 1382, 1564, 1658, 1816, 1824, 1905, 1913, 1591, 1177, 1108, 1044, 1044, 920, 807], "all_points_y": [586, 575, 558, 566, 580, 346, 367, 405, 395, 362, 296, 268, 303, 231, 143, 117, 137, 68, 3, 7, 99, 100, 318, 310, 380, 468, 552, 580, 619, 590]}, "region_attributes": {"name": "smoke\n"}}, {"shape_attributes": {"name": "rect", "x": 3, "y": 5, "width": 1917, "height": 621}, "region_attributes": {"name": "bounding box\n"}}], "file_attributes": {}}]