[{"filename": "136.jpg", "size": 176251, "regions": [{"shape_attributes": {"name": "polyline", "all_points_x": [1424, 1434, 1360, 1279, 1216, 1319, 1451, 1112, 692, 273, 10, 10, 246, 623, 820, 806, 935, 1097, 1287, 1431], "all_points_y": [626, 585, 533, 543, 452, 339, 265, 245, 337, 439, 413, 496, 537, 504, 545, 584, 616, 567, 591, 626]}, "region_attributes": {"name": "smoke\n"}}, {"shape_attributes": {"name": "rect", "x": 2, "y": 177, "width": 1517, "height": 498}, "region_attributes": {"name": "bounding box\n"}}], "file_attributes": {}}]