[{"filename": "137.jpg", "size": 153292, "regions": [{"shape_attributes": {"name": "polyline", "all_points_x": [782, 978, 1036, 1118, 1255, 1304, 1342, 1391, 1352, 1464, 1466, 1525, 1612, 1689, 1757, 1820, 1910, 1915, 1833, 1698, 1671, 1531, 1467, 1303, 1161, 1064, 1009, 963, 922, 772], "all_points_y": [578, 530, 543, 510, 502, 448, 448, 417, 333, 280, 247, 163, 214, 183, 199, 163, 198, 458, 501, 448, 474, 532, 581, 596, 573, 575, 608, 609, 619, 580]}, "region_attributes": {"name": "smoke\n"}}, {"shape_attributes": {"name": "rect", "x": 734, "y": 130, "width": 1179, "height": 530}, "region_attributes": {"name": "bounding box\n"}}], "file_attributes": {}}]