[{"filename": "138.jpg", "size": 161220, "regions": [{"shape_attributes": {"name": "polyline", "all_points_x": [785, 817, 840, 1161, 1338, 1399, 1448, 1527, 1566, 1596, 1571, 1596, 1618, 1664, 1706, 1787, 1891, 1891, 1915, 1912, 1785, 1604, 1405, 1277, 1122, 1006, 908, 783], "all_points_y": [582, 545, 558, 479, 457, 457, 353, 344, 403, 353, 331, 283, 290, 258, 277, 174, 189, 294, 292, 601, 638, 646, 596, 579, 580, 601, 621, 584]}, "region_attributes": {"name": "smoke\n"}}, {"shape_attributes": {"name": "rect", "x": 761, "y": 142, "width": 1152, "height": 518}, "region_attributes": {"name": "bounding box\n"}}], "file_attributes": {}}]