[{"filename": "139.jpg", "size": 197654, "regions": [{"shape_attributes": {"name": "polyline", "all_points_x": [346, 418, 506, 534, 591, 626, 683, 720, 685, 748, 771, 795, 846, 958, 1103, 1148, 1138, 1215, 1398, 1482, 1657, 1647, 1683, 1801, 1540, 1327, 1169, 932, 739, 617, 542, 476, 387, 349], "all_points_y": [576, 501, 530, 538, 537, 395, 375, 418, 451, 448, 448, 395, 347, 352, 380, 366, 328, 252, 181, 259, 242, 313, 400, 515, 510, 606, 614, 613, 588, 606, 614, 591, 581, 575]}, "region_attributes": {"name": "smoke\n"}}, {"shape_attributes": {"name": "rect", "x": 336, "y": 143, "width": 1475, "height": 502}, "region_attributes": {"name": "bounding box\n"}}], "file_attributes": {}}]