[{"filename": "14.jpg", "size": 240196, "regions": [{"shape_attributes": {"name": "polyline", "all_points_x": [1816, 1746, 1676, 1605, 1562, 1456, 1313, 1228, 1163, 1379, 1525, 1584, 1674, 1738, 1817, 1912, 1862, 1872, 1865, 1798, 1706, 1676, 1714, 1714, 1772, 1799, 1822, 1809], "all_points_y": [707, 694, 656, 617, 593, 611, 599, 578, 567, 469, 379, 378, 296, 289, 283, 262, 357, 443, 477, 511, 516, 516, 558, 594, 638, 660, 705, 702]}, "region_attributes": {"name": "smoke\n"}}, {"shape_attributes": {"name": "rect", "x": 1136, "y": 227, "width": 781, "height": 487}, "region_attributes": {"name": "bounding box\n"}}], "file_attributes": {}}]