[{"filename": "140.jpg", "size": 216362, "regions": [{"shape_attributes": {"name": "polyline", "all_points_x": [326, 368, 354, 454, 557, 557, 668, 680, 717, 725, 700, 719, 749, 773, 758, 793, 734, 1829, 1812, 1670, 1353, 1269, 1313, 1434, 1579, 1556, 1245, 1120, 968, 702, 471, 403, 427, 461, 435, 351, 324], "all_points_y": [607, 506, 459, 371, 336, 292, 280, 310, 312, 268, 240, 206, 223, 187, 155, 101, 7, 2, 229, 262, 263, 358, 516, 553, 574, 697, 628, 626, 688, 705, 715, 663, 607, 567, 523, 601, 607]}, "region_attributes": {"name": "smoke\n"}}, {"shape_attributes": {"name": "rect", "x": 181, "y": 5, "width": 1517, "height": 729}, "region_attributes": {"name": "bounding box\n"}}], "file_attributes": {}}]