[{"filename": "145.jpg", "size": 204044, "regions": [{"shape_attributes": {"name": "polyline", "all_points_x": [186, 138, 525, 668, 833, 1039, 1184, 1529, 1761, 1758, 828, 731, 680, 671, 89, 3, 8, 37, 187, 177], "all_points_y": [19, 197, 332, 378, 250, 321, 391, 342, 447, 628, 879, 658, 685, 887, 790, 746, 61, 2, 7, 32]}, "region_attributes": {"name": "smoke\n"}}, {"shape_attributes": {"name": "rect", "x": 5, "y": 12, "width": 1807, "height": 893}, "region_attributes": {"name": "bounding box\n"}}], "file_attributes": {}}]