[{"filename": "147.jpg", "size": 78695, "regions": [{"shape_attributes": {"name": "polyline", "all_points_x": [270, 322, 292, 314, 294, 339, 341, 381, 484, 462, 520, 822, 786, 926, 720, 646, 591, 545, 469, 429, 386, 363, 289, 265], "all_points_y": [587, 543, 471, 449, 398, 366, 283, 238, 253, 147, 12, 10, 81, 224, 444, 391, 439, 429, 477, 481, 545, 577, 594, 589]}, "region_attributes": {"name": "smoke\n"}}, {"shape_attributes": {"name": "rect", "x": 159, "y": 10, "width": 815, "height": 596}, "region_attributes": {"name": "bounding box\n"}}], "file_attributes": {}}]