[{"filename": "148.jpg", "size": 263387, "regions": [{"shape_attributes": {"name": "polyline", "all_points_x": [1115, 1271, 1256, 1447, 1447, 1661, 1671, 1912, 1912, 1788, 1689, 1627, 1535, 1372, 1242, 1115, 1115], "all_points_y": [471, 492, 211, 156, 10, 7, 94, 100, 652, 655, 776, 782, 683, 685, 552, 519, 479]}, "region_attributes": {"name": "smoke\n"}}, {"shape_attributes": {"name": "rect", "x": 1065, "y": 8, "width": 841, "height": 797}, "region_attributes": {"name": "bounding box\n"}}], "file_attributes": {}}]