[{"filename": "149.jpg", "size": 275874, "regions": [{"shape_attributes": {"name": "polyline", "all_points_x": [1242, 1291, 1500, 1559, 1626, 1667, 1508, 1508, 1512, 1913, 1913, 1814, 1648, 1552, 1596, 1574, 1421, 1281, 1237], "all_points_y": [493, 440, 420, 452, 444, 238, 159, 132, 96, 103, 705, 665, 813, 746, 626, 582, 538, 523, 498]}, "region_attributes": {"name": "smoke\n"}}, {"shape_attributes": {"name": "rect", "x": 1220, "y": 76, "width": 700, "height": 744}, "region_attributes": {"name": "bounding box\n"}}], "file_attributes": {}}]