[{"filename": "15.jpg", "size": 124789, "regions": [{"shape_attributes": {"name": "polyline", "all_points_x": [550, 501, 877, 999, 980, 973, 886, 940, 937, 934, 826, 891, 991, 1005, 1083, 1229, 1272, 1303, 366, 179, 2, 2, 549], "all_points_y": [6, 214, 147, 197, 333, 400, 520, 579, 636, 677, 729, 786, 858, 874, 861, 896, 947, 1040, 1050, 927, 829, 0, 5]}, "region_attributes": {"name": "smoke\n"}}, {"shape_attributes": {"name": "rect", "x": 6, "y": 2, "width": 1367, "height": 1040}, "region_attributes": {"name": "bounding box\n"}}], "file_attributes": {}}]