[{"filename": "151.jpg", "size": 314318, "regions": [{"shape_attributes": {"name": "polyline", "all_points_x": [408, 553, 631, 764, 901, 1078, 1259, 1363, 1475, 1662, 1677, 1559, 1461, 1416, 1235, 1183, 1362, 410], "all_points_y": [2, 39, 94, 162, 218, 275, 344, 420, 440, 511, 434, 258, 278, 238, 226, 148, 13, 2]}, "region_attributes": {"name": "smoke\n"}}, {"shape_attributes": {"name": "rect", "x": 327, "y": 3, "width": 1412, "height": 516}, "region_attributes": {"name": "bounding box\n"}}], "file_attributes": {}}]