[{"filename": "152.jpg", "size": 227792, "regions": [{"shape_attributes": {"name": "polyline", "all_points_x": [869, 882, 833, 908, 1243, 1434, 1610, 1913, 1915, 1599, 1434, 1362, 1151, 1016, 972, 972, 877, 867], "all_points_y": [523, 466, 442, 287, 258, 216, 270, 290, 564, 506, 552, 479, 553, 540, 531, 553, 570, 521]}, "region_attributes": {"name": "smoke\n"}}, {"shape_attributes": {"name": "rect", "x": 773, "y": 179, "width": 1146, "height": 420}, "region_attributes": {"name": "bounding box\n"}}], "file_attributes": {}}]