[{"filename": "153.jpg", "size": 161646, "regions": [{"shape_attributes": {"name": "polyline", "all_points_x": [660, 785, 746, 739, 1016, 1157, 1238, 1630, 1910, 1912, 1611, 1313, 1066, 947, 758, 658], "all_points_y": [596, 538, 513, 425, 398, 445, 452, 472, 548, 580, 634, 643, 621, 618, 602, 601]}, "region_attributes": {"name": "smoke\n"}}, {"shape_attributes": {"name": "rect", "x": 641, "y": 344, "width": 1265, "height": 329}, "region_attributes": {"name": "bounding box\n"}}], "file_attributes": {}}]