[{"filename": "154.jpg", "size": 170271, "regions": [{"shape_attributes": {"name": "polyline", "all_points_x": [932, 907, 828, 751, 613, 517, 431, 278, 3, 5, 156, 290, 425, 581, 716, 838, 927, 929], "all_points_y": [461, 428, 466, 415, 398, 285, 204, 125, 63, 334, 398, 446, 484, 512, 538, 538, 514, 459]}, "region_attributes": {"name": "smoke\n"}}, {"shape_attributes": {"name": "rect", "x": 3, "y": 33, "width": 985, "height": 520}, "region_attributes": {"name": "bounding box\n"}}], "file_attributes": {}}]