[{"filename": "156.jpg", "size": 125048, "regions": [{"shape_attributes": {"name": "polyline", "all_points_x": [392, 398, 660, 925, 1235, 1289, 1414, 1498, 1475, 1433, 1314, 1266, 1212, 1128, 1123, 1008, 958, 1235, 1380, 1584, 1750, 1907, 1910, 1907, 1859, 1736, 1736, 1093, 698, 387], "all_points_y": [283, 659, 650, 675, 720, 726, 680, 664, 626, 637, 529, 529, 474, 512, 441, 501, 441, 341, 306, 277, 300, 245, 135, 105, 130, 137, 8, 3, 217, 285]}, "region_attributes": {"name": "smoke1\n"}}, {"shape_attributes": {"name": "polyline", "all_points_x": [7, 273, 282, 5, 10], "all_points_y": [433, 341, 639, 744, 431]}, "region_attributes": {"name": "smoke2\n"}}, {"shape_attributes": {"name": "rect", "x": 385, "y": 10, "width": 1526, "height": 781}, "region_attributes": {"name": "bbox1\n"}}, {"shape_attributes": {"name": "rect", "x": 3, "y": 296, "width": 283, "height": 507}, "region_attributes": {"name": "bbox2\n"}}], "file_attributes": {}}]