[{"filename": "157.jpg", "size": 181874, "regions": [{"shape_attributes": {"name": "polyline", "all_points_x": [1202, 1153, 1042, 1032, 981, 795, 753, 1092, 1419, 1834, 1913, 1910, 1729, 1732, 3, 3, 242, 370, 482, 725, 858, 889, 967, 1110, 1205, 1207, 1202], "all_points_y": [599, 562, 553, 487, 473, 492, 392, 290, 267, 224, 219, 125, 135, 7, 3, 598, 527, 624, 665, 708, 751, 753, 683, 665, 626, 613, 599]}, "region_attributes": {"name": "smoke\n"}}, {"shape_attributes": {"name": "rect", "x": 10, "y": 12, "width": 1897, "height": 746}, "region_attributes": {"name": "bounding box\n"}}], "file_attributes": {}}]