[{"filename": "158.jpg", "size": 153958, "regions": [{"shape_attributes": {"name": "polyline", "all_points_x": [1213, 1151, 1120, 992, 955, 3, 10, 275, 503, 543, 631, 832, 948, 1009, 1027, 1097, 1200, 1215], "all_points_y": [619, 562, 351, 263, 0, 3, 457, 506, 450, 607, 695, 746, 742, 693, 663, 665, 648, 623]}, "region_attributes": {"name": "smoke\n"}}, {"shape_attributes": {"name": "rect", "x": 12, "y": 3, "width": 1242, "height": 752}, "region_attributes": {"name": "bounding box\n"}}], "file_attributes": {}}]