[{"filename": "16.jpg", "size": 266086, "regions": [{"shape_attributes": {"name": "polyline", "all_points_x": [1164, 1073, 988, 888, 777, 720, 687, 566, 522, 403, 363, 263, 200, 128, 86, 5, 3, 52, 160, 366, 1083, 953, 877, 855, 872, 891, 973, 1043, 1119, 1162, 1172, 1157], "all_points_y": [691, 685, 653, 637, 566, 534, 514, 533, 509, 531, 533, 511, 520, 495, 493, 514, 75, 97, 152, 6, 6, 159, 251, 311, 396, 455, 541, 577, 620, 652, 694, 694]}, "region_attributes": {"name": "smoke\n"}}, {"shape_attributes": {"name": "rect", "x": 5, "y": 6, "width": 1256, "height": 694}, "region_attributes": {"name": "bounding box\n"}}], "file_attributes": {}}]