[{"filename": "160.jpg", "size": 248834, "regions": [{"shape_attributes": {"name": "polyline", "all_points_x": [7, 339, 634, 706, 881, 1118, 1248, 1734, 1734, 1416, 1240, 1153, 1103, 991, 935, 827, 843, 804, 729, 471, 240, 7, 3], "all_points_y": [321, 334, 263, 184, 102, 77, 0, 0, 122, 194, 250, 382, 497, 534, 540, 520, 501, 459, 474, 494, 510, 461, 323]}, "region_attributes": {"name": "smoke\n"}}, {"shape_attributes": {"name": "rect", "x": 5, "y": 12, "width": 1792, "height": 535}, "region_attributes": {"name": "bounding box\n"}}], "file_attributes": {}}]