[{"filename": "161.jpg", "size": 243426, "regions": [{"shape_attributes": {"name": "polyline", "all_points_x": [17, 525, 1186, 1407, 1733, 1731, 1507, 1417, 1345, 1414, 1566, 1635, 1572, 1365, 1205, 1017, 940, 813, 901, 741, 479, 285, 7, 7], "all_points_y": [368, 253, 71, 10, 0, 101, 128, 209, 305, 432, 445, 511, 528, 488, 483, 523, 547, 520, 459, 466, 479, 526, 547, 373]}, "region_attributes": {"name": "smoke\n"}}, {"shape_attributes": {"name": "rect", "x": 12, "y": 13, "width": 1765, "height": 564}, "region_attributes": {"name": "bounding box\n"}}], "file_attributes": {}}]