[{"filename": "162.jpg", "size": 203610, "regions": [{"shape_attributes": {"name": "polyline", "all_points_x": [803, 913, 1044, 1090, 1124, 1292, 1171, 1279, 1115, 1119, 1738, 1738, 1913, 1900, 1517, 1434, 1269, 1139, 965, 805], "all_points_y": [504, 489, 425, 417, 359, 331, 231, 86, 86, 10, 0, 135, 127, 534, 507, 462, 474, 493, 557, 503]}, "region_attributes": {"name": "smoke\n"}}, {"shape_attributes": {"name": "rect", "x": 746, "y": 2, "width": 1161, "height": 599}, "region_attributes": {"name": "bounding box\n"}}], "file_attributes": {}}]