[{"filename": "163.jpg", "size": 176138, "regions": [{"shape_attributes": {"name": "polyline", "all_points_x": [781, 1009, 1261, 1457, 1563, 1594, 1472, 1470, 1731, 1734, 1852, 1854, 1913, 1917, 1742, 1577, 1423, 1327, 1182, 1087, 1042, 975, 787], "all_points_y": [509, 448, 422, 316, 259, 143, 97, 7, 3, 135, 125, 3, 5, 445, 514, 509, 481, 466, 497, 545, 529, 553, 509]}, "region_attributes": {"name": "smoke\n"}}, {"shape_attributes": {"name": "rect", "x": 759, "y": 8, "width": 1156, "height": 576}, "region_attributes": {"name": "bounding box\n"}}], "file_attributes": {}}]