[{"filename": "164.jpg", "size": 239866, "regions": [{"shape_attributes": {"name": "polyline", "all_points_x": [798, 1078, 1247, 1395, 1448, 1454, 1626, 1633, 1728, 1729, 1858, 1846, 1900, 1917, 1917, 1912, 1788, 1711, 1652, 1566, 1478, 1456, 1382, 1227, 1076, 957, 791], "all_points_y": [511, 439, 378, 290, 292, 229, 169, 47, 81, 137, 132, 78, 88, 115, 358, 513, 528, 533, 520, 510, 499, 494, 494, 484, 526, 550, 513]}, "region_attributes": {"name": "smoke\n"}}, {"shape_attributes": {"name": "rect", "x": 756, "y": 34, "width": 1159, "height": 553}, "region_attributes": {"name": "bounding box\n"}}], "file_attributes": {}}]