[{"filename": "165.jpg", "size": 203387, "regions": [{"shape_attributes": {"name": "polyline", "all_points_x": [778, 1070, 1198, 1385, 1394, 1424, 1434, 1490, 1562, 1618, 1638, 1726, 1782, 1819, 1847, 1846, 1880, 1915, 1907, 1846, 1623, 1407, 1235, 1073, 1022, 968, 779], "all_points_y": [511, 440, 425, 324, 398, 398, 366, 349, 219, 233, 194, 160, 218, 132, 128, 61, 22, 27, 471, 516, 523, 511, 504, 535, 535, 553, 510]}, "region_attributes": {"name": "smoke\n"}}, {"shape_attributes": {"name": "rect", "x": 752, "y": 10, "width": 1164, "height": 580}, "region_attributes": {"name": "bounding box\n"}}], "file_attributes": {}}]