[{"filename": "167.jpg", "size": 213204, "regions": [{"shape_attributes": {"name": "polyline", "all_points_x": [512, 688, 906, 1032, 1131, 1242, 1307, 1350, 1391, 1449, 1466, 1545, 1614, 1683, 1696, 1729, 1731, 1844, 1852, 1917, 1920, 1658, 1406, 1299, 1163, 995, 805, 726, 593, 537, 512], "all_points_y": [543, 463, 352, 334, 374, 275, 242, 259, 242, 201, 158, 86, 92, 54, 5, 5, 135, 132, 0, 2, 647, 655, 645, 621, 588, 573, 547, 547, 566, 566, 543]}, "region_attributes": {"name": ""}}, {"shape_attributes": {"name": "rect", "x": 402, "y": 7, "width": 1508, "height": 685}, "region_attributes": {"name": ""}}], "file_attributes": {}}]