[{"filename": "169.jpg", "size": 208915, "regions": [{"shape_attributes": {"name": "polyline", "all_points_x": [749, 793, 898, 968, 914, 867, 815, 1729, 1733, 1846, 1847, 1915, 1915, 1578, 1259, 1078, 923, 896, 845, 747], "all_points_y": [579, 498, 476, 402, 202, 47, 3, 7, 138, 137, 0, 7, 540, 587, 585, 543, 624, 596, 596, 580]}, "region_attributes": {"name": "smoke\n"}}, {"shape_attributes": {"name": "rect", "x": 528, "y": 5, "width": 1382, "height": 636}, "region_attributes": {"name": "bounding box\n"}}], "file_attributes": {}}]