[{"filename": "172.jpg", "size": 188951, "regions": [{"shape_attributes": {"name": "polyline", "all_points_x": [3, 63, 109, 232, 198, 319, 400, 400, 637, 741, 787, 848, 978, 991, 1330, 1479, 1581, 1586, 1638, 1630, 1683, 1683, 1737, 1749, 1864, 1917, 1913, 1857, 1848, 1686, 1334, 1090, 754, 622, 423, 250, 2, 7], "all_points_y": [683, 688, 642, 629, 492, 420, 402, 319, 260, 290, 204, 104, 68, 20, 79, 35, 66, 115, 97, 23, 28, 107, 99, 145, 145, 112, 609, 613, 713, 769, 733, 767, 721, 725, 799, 823, 856, 682]}, "region_attributes": {"name": "smoke\n"}}, {"shape_attributes": {"name": "rect", "x": 8, "y": 5, "width": 1910, "height": 863}, "region_attributes": {"name": "bounding box\n"}}], "file_attributes": {}}]