[{"filename": "174.jpg", "size": 184510, "regions": [{"shape_attributes": {"name": "polyline", "all_points_x": [69, 186, 338, 461, 438, 565, 774, 924, 925, 1046, 1148, 1044, 1731, 1734, 1852, 1857, 1910, 1913, 1694, 1703, 1729, 1767, 1915, 1913, 1452, 991, 892, 637, 385, 242, 77, 201, 282, 234, 63], "all_points_y": [756, 698, 519, 506, 380, 316, 405, 408, 263, 211, 150, 7, 7, 137, 132, 8, 10, 203, 234, 328, 329, 254, 244, 771, 790, 726, 741, 823, 850, 883, 837, 781, 787, 756, 757]}, "region_attributes": {"name": "smoke\n\n"}}, {"shape_attributes": {"name": "rect", "x": 40, "y": 3, "width": 1872, "height": 901}, "region_attributes": {"name": "bounding box\n"}}], "file_attributes": {}}]