[{"filename": "175.jpg", "size": 300502, "regions": [{"shape_attributes": {"name": "polyline", "all_points_x": [525, 547, 588, 583, 627, 654, 751, 751, 715, 700, 662, 1731, 1731, 1848, 1849, 1889, 1843, 1617, 1304, 1228, 1088, 929, 797, 753, 530], "all_points_y": [537, 450, 422, 369, 323, 209, 128, 82, 82, 33, 5, 5, 138, 140, 21, 26, 448, 501, 454, 506, 482, 443, 463, 496, 540]}, "region_attributes": {"name": "smoke\n"}}, {"shape_attributes": {"name": "rect", "x": 346, "y": 8, "width": 1515, "height": 535}, "region_attributes": {"name": "bounding box\n"}}], "file_attributes": {}}]