[{"filename": "176.jpg", "size": 297448, "regions": [{"shape_attributes": {"name": "polyline", "all_points_x": [78, 140, 231, 267, 351, 553, 584, 624, 624, 655, 796, 886, 1054, 1731, 1739, 1844, 1853, 1888, 1829, 1662, 1596, 1326, 1043, 899, 827, 678, 528, 383, 216, 148, 81, 81], "all_points_y": [572, 484, 520, 493, 420, 368, 240, 213, 121, 94, 67, 101, 0, 7, 135, 133, 61, 71, 526, 526, 555, 513, 483, 450, 452, 510, 545, 552, 577, 609, 580, 569]}, "region_attributes": {"name": "smoke\n"}}, {"shape_attributes": {"name": "rect", "x": 39, "y": 3, "width": 1859, "height": 616}, "region_attributes": {"name": "bounding box\n"}}], "file_attributes": {}}]