[{"filename": "177.jpg", "size": 313843, "regions": [{"shape_attributes": {"name": "polyline", "all_points_x": [135, 313, 481, 690, 797, 748, 846, 864, 1731, 1736, 1848, 1848, 1880, 1836, 1461, 1062, 889, 748, 583, 318, 128], "all_points_y": [593, 514, 389, 273, 226, 178, 35, 5, 7, 142, 130, 0, 0, 520, 530, 479, 435, 478, 537, 562, 596]}, "region_attributes": {"name": "smoke\n"}}, {"shape_attributes": {"name": "rect", "x": 56, "y": 3, "width": 1851, "height": 604}, "region_attributes": {"name": "bounding box\n"}}], "file_attributes": {}}]