[{"filename": "179.jpg", "size": 295588, "regions": [{"shape_attributes": {"name": "polyline", "all_points_x": [1731, 1731, 1691, 1554, 1507, 1311, 1184, 1171, 1115, 985, 663, 840, 840, 790, 574, 504, 341, 10, 12, 1736], "all_points_y": [5, 64, 35, 62, 47, 96, 209, 278, 265, 341, 398, 511, 601, 705, 786, 871, 1046, 1039, 0, 0]}, "region_attributes": {"name": "smoke\n"}}, {"shape_attributes": {"name": "rect", "x": 17, "y": 3, "width": 1716, "height": 1034}, "region_attributes": {"name": "bounding box\n"}}], "file_attributes": {}}]