[{"filename": "181.jpg", "size": 163412, "regions": [{"shape_attributes": {"name": "polyline", "all_points_x": [375, 489, 582, 702, 805, 1103, 1276, 1733, 1733, 1847, 1854, 1915, 1913, 1810, 1716, 1723, 1765, 1751, 1556, 1441, 1431, 1289, 1151, 1046, 808, 712, 602, 440, 378], "all_points_y": [587, 494, 469, 240, 272, 106, 8, 3, 147, 142, 13, 7, 489, 472, 540, 575, 580, 658, 833, 803, 736, 634, 538, 515, 634, 722, 712, 638, 587]}, "region_attributes": {"name": "smoke\n"}}, {"shape_attributes": {"name": "rect", "x": 233, "y": 0, "width": 1669, "height": 867}, "region_attributes": {"name": "bounding box\n"}}], "file_attributes": {}}]