[{"filename": "182.jpg", "size": 230000, "regions": [{"shape_attributes": {"name": "polyline", "all_points_x": [388, 547, 705, 1009, 1083, 1095, 1066, 1039, 920, 773, 643, 624, 565, 543, 417, 388, 388], "all_points_y": [663, 634, 501, 272, 268, 688, 690, 641, 587, 641, 653, 651, 704, 749, 707, 707, 663]}, "region_attributes": {"name": "smoke1\n"}}, {"shape_attributes": {"name": "rect", "x": 361, "y": 221, "width": 729, "height": 621}, "region_attributes": {"name": "bounding box1\n"}}, {"shape_attributes": {"name": "polyline", "all_points_x": [1260, 1402, 1436, 1603, 1908, 1917, 1743, 1613, 1571, 1491, 1367, 1259, 1259], "all_points_y": [321, 270, 148, 157, 246, 548, 479, 469, 461, 498, 467, 562, 316]}, "region_attributes": {"name": "smoke2\n"}}, {"shape_attributes": {"name": "rect", "x": 1260, "y": 62, "width": 660, "height": 638}, "region_attributes": {"name": "bounding box2\n"}}], "file_attributes": {}}]