[{"filename": "184.jpg", "size": 241365, "regions": [{"shape_attributes": {"name": "polyline", "all_points_x": [318, 300, 333, 311, 127, 71, 23, 92, 135, 147, 178, 239, 308, 339, 451, 509, 543, 583, 631, 649, 624, 809, 902, 889, 886, 576, 524, 417, 316, 212, 278, 319], "all_points_y": [692, 645, 636, 542, 529, 520, 474, 454, 423, 351, 343, 227, 224, 250, 231, 244, 287, 305, 329, 385, 443, 454, 603, 685, 751, 698, 701, 711, 725, 738, 708, 690]}, "region_attributes": {"name": "smoke\n"}}, {"shape_attributes": {"name": "rect", "x": 21, "y": 206, "width": 952, "height": 562}, "region_attributes": {"name": "bbox\n"}}], "file_attributes": {}}]