[{"filename": "186.jpg", "size": 253349, "regions": [{"shape_attributes": {"name": "polyline", "all_points_x": [214, 273, 362, 398, 273, 181, 71, 122, 260, 412, 464, 575, 662, 851, 1046, 1233, 1424, 1433, 1375, 1288, 1204, 1075, 916, 879, 761, 621, 468, 380, 318, 214], "all_points_y": [728, 683, 685, 649, 639, 594, 565, 466, 395, 385, 450, 471, 507, 504, 443, 438, 426, 756, 738, 764, 738, 769, 749, 751, 720, 701, 701, 718, 723, 725]}, "region_attributes": {"name": "smoke\n"}}, {"shape_attributes": {"name": "rect", "x": 61, "y": 305, "width": 1365, "height": 510}, "region_attributes": {"name": "bbox\n"}}], "file_attributes": {}}]