[{"filename": "187.jpg", "size": 253395, "regions": [{"shape_attributes": {"name": "polyline", "all_points_x": [313, 341, 458, 520, 529, 194, 265, 35, 28, 306, 352, 683, 1077, 1204, 1319, 1419, 1426, 1434, 1354, 1271, 924, 843, 698, 524, 306], "all_points_y": [738, 700, 660, 660, 634, 611, 545, 524, 387, 336, 349, 305, 234, 369, 367, 303, 303, 759, 738, 784, 748, 746, 715, 711, 734]}, "region_attributes": {"name": "smoke\n"}}, {"shape_attributes": {"name": "rect", "x": 20, "y": 166, "width": 1408, "height": 650}, "region_attributes": {"name": "bbox\n"}}, {"shape_attributes": {"name": "polyline", "all_points_x": [1596, 1637, 1661, 1699, 1721, 1680, 1749, 1736, 1773, 1905, 1918, 1917, 1820, 1736, 1548, 1543, 1589, 1601], "all_points_y": [282, 262, 268, 291, 323, 344, 347, 315, 275, 283, 311, 764, 711, 762, 769, 659, 347, 280]}, "region_attributes": {"name": "smoke\n"}}, {"shape_attributes": {"name": "rect", "x": 1548, "y": 171, "width": 370, "height": 639}, "region_attributes": {"name": "bbox\n"}}], "file_attributes": {}}]