[{"filename": "188.jpg", "size": 244597, "regions": [{"shape_attributes": {"name": "polyline", "all_points_x": [19, 415, 675, 989, 1326, 1421, 1427, 1183, 1065, 894, 791, 589, 437, 304, 358, 10, 10, 20], "all_points_y": [531, 452, 403, 235, 108, 120, 769, 769, 763, 742, 727, 709, 707, 688, 655, 619, 535, 526]}, "region_attributes": {"name": "smoke\n"}}, {"shape_attributes": {"name": "rect", "x": 7, "y": 61, "width": 1421, "height": 783}, "region_attributes": {"name": "bbox\n"}}], "file_attributes": {}}]