[{"filename": "189.jpg", "size": 214417, "regions": [{"shape_attributes": {"name": "polyline", "all_points_x": [693, 784, 869, 892, 767, 566, 800, 891, 884, 919, 947, 991, 988, 1008, 1386, 1426, 1438, 1219, 976, 813, 692], "all_points_y": [756, 675, 655, 613, 530, 461, 377, 336, 268, 239, 128, 77, 28, 2, 3, 58, 767, 784, 749, 757, 757]}, "region_attributes": {"name": "smoke\n"}}, {"shape_attributes": {"name": "rect", "x": 527, "y": 5, "width": 906, "height": 810}, "region_attributes": {"name": "bbox\n"}}, {"shape_attributes": {"name": "polyline", "all_points_x": [1609, 1638, 1696, 1913, 1907, 1828, 1775, 1548, 1548, 1614], "all_points_y": [194, 184, 212, 115, 748, 705, 753, 764, 639, 194]}, "region_attributes": {"name": "smoke\n"}}, {"shape_attributes": {"name": "rect", "x": 1541, "y": 71, "width": 369, "height": 692}, "region_attributes": {"name": "bbox\n"}}], "file_attributes": {}}]