[{"filename": "19.jpg", "size": 234890, "regions": [{"shape_attributes": {"name": "polyline", "all_points_x": [897, 639, 593, 466, 333, 222, 1051, 1051, 1013, 1012, 1045, 1008, 889], "all_points_y": [606, 541, 474, 363, 195, 0, 5, 166, 190, 235, 247, 610, 604]}, "region_attributes": {"name": "smoke\n"}}, {"shape_attributes": {"name": "rect", "x": 168, "y": 2, "width": 937, "height": 628}, "region_attributes": {"name": "bounding box\n"}}, {"shape_attributes": {"name": "polyline", "all_points_x": [1107, 1056, 1015, 989, 967, 1907, 1917, 1059], "all_points_y": [5, 2, 590, 805, 1046, 1048, 0, 2]}, "region_attributes": {"name": "misc\n"}}, {"shape_attributes": {"name": "polyline", "all_points_x": [5, 5, 959, 1002, 694, 598, 385, 216, 5], "all_points_y": [5, 1042, 1042, 615, 569, 522, 279, 6, 6]}, "region_attributes": {"name": "land\n"}}], "file_attributes": {}}]