[{"filename": "190.jpg", "size": 195536, "regions": [{"shape_attributes": {"name": "polyline", "all_points_x": [922, 942, 935, 968, 998, 996, 1029, 1083, 1087, 1143, 1156, 1235, 1256, 1414, 1439, 1439, 1266, 1107, 1051, 922], "all_points_y": [746, 720, 701, 677, 692, 705, 690, 706, 665, 639, 558, 479, 463, 375, 377, 769, 771, 771, 772, 746]}, "region_attributes": {"name": "smoke\n"}}, {"shape_attributes": {"name": "rect", "x": 912, "y": 323, "width": 527, "height": 468}, "region_attributes": {"name": "bbox\n"}}, {"shape_attributes": {"name": "polyline", "all_points_x": [1581, 1716, 1908, 1912, 1902, 1851, 1834, 1820, 1772, 1632, 1540, 1546, 1577, 1582], "all_points_y": [405, 484, 601, 764, 771, 759, 736, 708, 764, 782, 769, 626, 407, 403]}, "region_attributes": {"name": "smoke\n"}}, {"shape_attributes": {"name": "rect", "x": 1538, "y": 324, "width": 379, "height": 468}, "region_attributes": {"name": "bbox\n"}}], "file_attributes": {}}]