[{"filename": "191.jpg", "size": 202273, "regions": [{"shape_attributes": {"name": "polyline", "all_points_x": [191, 287, 491, 616, 678, 957, 1233, 1286, 1222, 1324, 1426, 1433, 1197, 965, 840, 617, 354, 194], "all_points_y": [720, 678, 593, 573, 575, 492, 440, 392, 357, 244, 277, 767, 777, 749, 743, 706, 718, 721]}, "region_attributes": {"name": "smoke\n"}}, {"shape_attributes": {"name": "polyline", "all_points_x": [1587, 1823, 1918, 1913, 1859, 1834, 1803, 1803, 1762, 1541, 1538, 1589], "all_points_y": [357, 402, 430, 749, 759, 715, 711, 741, 762, 771, 664, 359]}, "region_attributes": {"name": "smoke\n"}}, {"shape_attributes": {"name": "rect", "x": 170, "y": 204, "width": 1258, "height": 573}, "region_attributes": {"name": "bbox\n"}}, {"shape_attributes": {"name": "rect", "x": 1526, "y": 250, "width": 387, "height": 517}, "region_attributes": {"name": "bbox\n"}}], "file_attributes": {}}]