[{"filename": "192.jpg", "size": 214156, "regions": [{"shape_attributes": {"name": "polyline", "all_points_x": [1087, 1024, 960, 827, 781, 757, 767, 860, 861, 827, 904, 940, 1006, 1110, 1135, 1023, 1097, 1079], "all_points_y": [701, 685, 675, 690, 687, 562, 529, 527, 482, 428, 366, 366, 422, 454, 482, 553, 698, 698]}, "region_attributes": {"name": "smoke\n"}}, {"shape_attributes": {"name": "rect", "x": 718, "y": 329, "width": 458, "height": 387}, "region_attributes": {"name": "bbox\n"}}], "file_attributes": {}}]