[{"filename": "193.jpg", "size": 148487, "regions": [{"shape_attributes": {"name": "polyline", "all_points_x": [558, 621, 754, 804, 863, 955, 1120, 1176, 1199, 1265, 1291, 1395, 1433, 1492, 1596, 1648, 1727, 1551, 1248, 1028, 878, 830, 779, 741, 774, 738, 672, 560], "all_points_y": [751, 764, 734, 706, 706, 687, 629, 639, 641, 619, 593, 547, 520, 520, 478, 402, 179, 53, 181, 375, 557, 588, 496, 580, 609, 665, 693, 751]}, "region_attributes": {"name": "smoke\n"}}, {"shape_attributes": {"name": "rect", "x": 525, "y": 26, "width": 1230, "height": 764}, "region_attributes": {"name": "bbox\n"}}], "file_attributes": {}}]