[{"filename": "194.jpg", "size": 146822, "regions": [{"shape_attributes": {"name": "polyline", "all_points_x": [584, 666, 759, 803, 855, 859, 995, 995, 1097, 1218, 1358, 1335, 1370, 1513, 1346, 1119, 1144, 1056, 975, 894, 860, 931, 827, 768, 725, 678, 688, 585], "all_points_y": [749, 749, 732, 695, 688, 712, 682, 660, 648, 643, 567, 513, 459, 341, 275, 369, 260, 226, 283, 275, 299, 363, 461, 503, 450, 506, 601, 749]}, "region_attributes": {"name": "smoke\n"}}, {"shape_attributes": {"name": "rect", "x": 550, "y": 170, "width": 1009, "height": 611}, "region_attributes": {"name": "bbox\n"}}], "file_attributes": {}}]