[{"filename": "198.jpg", "size": 293089, "regions": [{"shape_attributes": {"name": "polyline", "all_points_x": [872, 790, 778, 722, 752, 754, 638, 567, 445, 361, 309, 250, 206, 159, 94, 108, 201, 309, 363, 395, 516, 587, 668, 697, 754, 871], "all_points_y": [479, 439, 385, 324, 221, 186, 223, 175, 290, 309, 277, 305, 224, 224, 344, 484, 558, 565, 521, 565, 579, 562, 562, 560, 520, 483]}, "region_attributes": {"name": "smoke\n"}}, {"shape_attributes": {"name": "rect", "x": 81, "y": 154, "width": 793, "height": 461}, "region_attributes": {"name": "bbox\n"}}], "file_attributes": {}}]