[{"filename": "2.jpg", "size": 250193, "regions": [{"shape_attributes": {"name": "polyline", "all_points_x": [5, 122, 195, 282, 365, 447, 553, 580, 675, 759, 905, 1294, 1378, 1511, 1715, 1918, 1918, 1817, 1708, 1660, 1532, 1390, 1378, 1368, 1341, 1314, 1259, 1188, 1146, 1124, 1089, 1064, 980, 923, 866, 790, 725, 658, 612, 549, 3, 3], "all_points_y": [166, 162, 168, 200, 241, 273, 301, 300, 339, 360, 409, 487, 507, 587, 647, 717, 595, 493, 507, 501, 466, 438, 450, 450, 412, 395, 393, 363, 330, 311, 306, 243, 217, 265, 211, 184, 97, 82, 40, 2, 3, 155]}, "region_attributes": {"name": "smoke\n"}}, {"shape_attributes": {"name": "rect", "x": 3, "y": 3, "width": 1914, "height": 713}, "region_attributes": {"name": "bounding box\n"}}, {"shape_attributes": {"name": "polyline", "all_points_x": [6, 1912, 1910, 1495, 1370, 878, 574, 409, 205, 6, 10], "all_points_y": [1042, 1043, 718, 588, 509, 409, 306, 266, 176, 173, 1040]}, "region_attributes": {"name": "land\n"}}, {"shape_attributes": {"name": "polyline", "all_points_x": [886, 831, 766, 823, 886, 920, 972, 1069, 1094, 1130, 1207, 1264, 1319, 1371, 1392, 1657, 1811, 1906, 1906, 1465, 882], "all_points_y": [152, 147, 141, 184, 216, 251, 211, 235, 298, 304, 363, 387, 390, 441, 425, 491, 488, 569, 203, 189, 149]}, "region_attributes": {"name": ""}}, {"shape_attributes": {"name": "polyline", "all_points_x": [1898, 1899, 763, 726, 658, 576, 1895], "all_points_y": [16, 193, 133, 92, 73, 8, 13]}, "region_attributes": {"name": "sky2\n"}}], "file_attributes": {}}]