[{"filename": "20.jpg", "size": 228547, "regions": [{"shape_attributes": {"name": "polyline", "all_points_x": [1278, 1159, 1043, 994, 956, 956, 878, 828, 748, 680, 699, 653, 645, 612, 553, 490, 352, 251, 235, 113, 227, 518, 609, 580, 644, 1272, 1305, 1278, 1289, 1113, 1189, 1213, 1205, 1229, 1291, 1278], "all_points_y": [777, 723, 666, 648, 601, 579, 604, 545, 544, 545, 571, 558, 537, 525, 522, 512, 542, 583, 593, 406, 257, 184, 108, 103, 2, 6, 6, 249, 401, 512, 569, 560, 598, 636, 666, 780]}, "region_attributes": {"name": "smoke\n"}}, {"shape_attributes": {"name": "rect", "x": 101, "y": 8, "width": 1386, "height": 778}, "region_attributes": {"name": "bounding box\n"}}], "file_attributes": {}}]