[{"filename": "200.jpg", "size": 290962, "regions": [{"shape_attributes": {"name": "polyline", "all_points_x": [1001, 925, 841, 827, 731, 636, 553, 425, 316, 163, 161, 183, 140, 275, 319, 364, 415, 464, 494, 601, 703, 804, 896, 981, 1011, 1000], "all_points_y": [841, 764, 739, 708, 718, 632, 644, 614, 339, 359, 397, 478, 530, 596, 655, 673, 738, 739, 779, 794, 804, 804, 830, 846, 846, 837]}, "region_attributes": {"name": "smoke\n"}}, {"shape_attributes": {"name": "rect", "x": 109, "y": 273, "width": 980, "height": 606}, "region_attributes": {"name": "bbox\n"}}], "file_attributes": {}}]