[{"filename": "21.jpg", "size": 213817, "regions": [{"shape_attributes": {"name": "polyline", "all_points_x": [867, 851, 889, 951, 967, 959, 872, 866], "all_points_y": [523, 463, 438, 468, 523, 533, 526, 522]}, "region_attributes": {"name": "smoke\n"}}, {"shape_attributes": {"name": "rect", "x": 831, "y": 426, "width": 149, "height": 117}, "region_attributes": {"name": "bounding box\n"}}, {"shape_attributes": {"name": "polyline", "all_points_x": [3, 5, 222, 514, 788, 1168, 1910, 1910, 2], "all_points_y": [5, 468, 468, 518, 531, 541, 558, 6, 6]}, "region_attributes": {"name": "sky\n"}}, {"shape_attributes": {"name": "polyline", "all_points_x": [6, 5, 1914, 1912, 1327, 707, 360, 192, 2], "all_points_y": [477, 1051, 1045, 560, 553, 533, 501, 469, 477]}, "region_attributes": {"name": "land\n"}}], "file_attributes": {}}]