[{"filename": "215.jpg", "size": 264987, "regions": [{"shape_attributes": {"name": "polyline", "all_points_x": [1077, 1125, 1215, 1307, 1294, 1253, 1222, 1184, 1149, 1116, 1075], "all_points_y": [491, 440, 405, 392, 448, 422, 441, 510, 474, 537, 487]}, "region_attributes": {"name": "smoke1\n"}}, {"shape_attributes": {"name": "polyline", "all_points_x": [1390, 1390, 1406, 1419, 1431, 1444, 1541, 1497, 1393], "all_points_y": [369, 445, 459, 438, 441, 501, 474, 375, 366]}, "region_attributes": {"name": "smoke2\n"}}, {"shape_attributes": {"name": "rect", "x": 1034, "y": 362, "width": 282, "height": 199}, "region_attributes": {"name": "bbox1\n"}}, {"shape_attributes": {"name": "rect", "x": 1350, "y": 323, "width": 201, "height": 203}, "region_attributes": {"name": "bbox\n"}}], "file_attributes": {}}]