[{"filename": "216.jpg", "size": 329938, "regions": [{"shape_attributes": {"name": "polyline", "all_points_x": [1077, 1141, 1299, 1286, 1255, 1242, 1191, 1167, 1154, 1110, 1072], "all_points_y": [476, 422, 390, 494, 445, 422, 501, 497, 474, 548, 471]}, "region_attributes": {"name": "smoke\n"}}, {"shape_attributes": {"name": "rect", "x": 1031, "y": 351, "width": 343, "height": 216}, "region_attributes": {"name": "bbox\n\n"}}, {"shape_attributes": {"name": "polyline", "all_points_x": [1418, 1413, 1446, 1545, 1541, 1414], "all_points_y": [362, 415, 487, 431, 338, 362]}, "region_attributes": {"name": "smoke\n"}}, {"shape_attributes": {"name": "rect", "x": 1406, "y": 310, "width": 161, "height": 198}, "region_attributes": {"name": "bbox\n"}}], "file_attributes": {}}]