[{"filename": "218.jpg", "size": 286612, "regions": [{"shape_attributes": {"name": "polyline", "all_points_x": [550, 621, 636, 636, 557, 548], "all_points_y": [466, 418, 418, 459, 478, 459]}, "region_attributes": {"name": "smoke\n"}}, {"shape_attributes": {"name": "polyline", "all_points_x": [1077, 1163, 1326, 1550, 1550, 1436, 1395, 1365, 1314, 1299, 1270, 1245, 1210, 1176, 1156, 1107, 1077], "all_points_y": [476, 402, 336, 295, 454, 454, 451, 333, 349, 454, 468, 422, 474, 514, 474, 534, 476]}, "region_attributes": {"name": "smoke\n"}}, {"shape_attributes": {"name": "rect", "x": 530, "y": 374, "width": 137, "height": 128}, "region_attributes": {"name": "bbox\n"}}, {"shape_attributes": {"name": "rect", "x": 1031, "y": 262, "width": 560, "height": 316}, "region_attributes": {"name": "bbox\n"}}], "file_attributes": {}}]