[{"filename": "219.jpg", "size": 376986, "regions": [{"shape_attributes": {"name": "polyline", "all_points_x": [552, 613, 641, 636, 543], "all_points_y": [474, 435, 435, 461, 476]}, "region_attributes": {"name": "smoke1\n"}}, {"shape_attributes": {"name": "polyline", "all_points_x": [1102, 1146, 1306, 1270, 1258, 1220, 1194, 1174, 1151, 1103, 1088, 1103], "all_points_y": [489, 422, 400, 514, 435, 438, 512, 512, 479, 535, 501, 487]}, "region_attributes": {"name": "smoke2\n"}}, {"shape_attributes": {"name": "polyline", "all_points_x": [1390, 1403, 1447, 1457, 1617, 1452, 1390], "all_points_y": [382, 448, 454, 507, 441, 392, 379]}, "region_attributes": {"name": "smoke3\n"}}, {"shape_attributes": {"name": "rect", "x": 543, "y": 395, "width": 123, "height": 92}, "region_attributes": {"name": "bbox1\n"}}, {"shape_attributes": {"name": "rect", "x": 1051, "y": 367, "width": 277, "height": 196}, "region_attributes": {"name": "bbox2\n"}}, {"shape_attributes": {"name": "rect", "x": 1382, "y": 339, "width": 249, "height": 183}, "region_attributes": {"name": "bbox3\n"}}], "file_attributes": {}}]