[{"filename": "22.jpg", "size": 229033, "regions": [{"shape_attributes": {"name": "polyline", "all_points_x": [773, 729, 800, 942, 1004, 1012, 942, 868, 766], "all_points_y": [537, 519, 418, 466, 476, 517, 535, 522, 537]}, "region_attributes": {"name": "smoke\n"}}, {"shape_attributes": {"name": "rect", "x": 676, "y": 410, "width": 362, "height": 135}, "region_attributes": {"name": "bounding box\n"}}, {"shape_attributes": {"name": "polyline", "all_points_x": [6, 151, 427, 582, 729, 1085, 1518, 1912, 1917, 5, 6], "all_points_y": [471, 463, 501, 519, 535, 535, 548, 574, 2, 6, 469]}, "region_attributes": {"name": "sky\n"}}, {"shape_attributes": {"name": "polyline", "all_points_x": [6, 10, 1912, 1907, 1382, 872, 540, 236, 6], "all_points_y": [482, 1044, 1043, 583, 553, 545, 527, 485, 484]}, "region_attributes": {"name": "land\n"}}], "file_attributes": {}}]