[{"filename": "220.jpg", "size": 381390, "regions": [{"shape_attributes": {"name": "polyline", "all_points_x": [1090, 1144, 1275, 1324, 1281, 1250, 1191, 1184, 1154, 1108, 1083], "all_points_y": [507, 461, 351, 344, 507, 415, 491, 507, 486, 543, 499]}, "region_attributes": {"name": "smoke1\n"}}, {"shape_attributes": {"name": "polyline", "all_points_x": [1393, 1395, 1433, 1451, 1525, 1605, 1624, 1391], "all_points_y": [369, 443, 438, 509, 487, 446, 384, 364]}, "region_attributes": {"name": "smoke2\n"}}, {"shape_attributes": {"name": "rect", "x": 1077, "y": 321, "width": 275, "height": 237}, "region_attributes": {"name": "bbox1\n"}}, {"shape_attributes": {"name": "rect", "x": 1386, "y": 300, "width": 263, "height": 222}, "region_attributes": {"name": "bbox2\n"}}], "file_attributes": {}}]