[{"filename": "221.jpg", "size": 398059, "regions": [{"shape_attributes": {"name": "polyline", "all_points_x": [1080, 1191, 1322, 1279, 1242, 1186, 1179, 1154, 1110, 1074], "all_points_y": [486, 431, 366, 496, 428, 501, 514, 476, 543, 481]}, "region_attributes": {"name": "smoke3\n"}}, {"shape_attributes": {"name": "polyline", "all_points_x": [738, 794, 794, 843, 879, 920, 925, 860, 749, 736], "all_points_y": [402, 369, 361, 369, 369, 384, 428, 435, 461, 402]}, "region_attributes": {"name": "smoke2\n"}}, {"shape_attributes": {"name": "polyline", "all_points_x": [575, 639, 639, 570], "all_points_y": [473, 428, 458, 481]}, "region_attributes": {"name": "smoke1\n"}}, {"shape_attributes": {"name": "rect", "x": 540, "y": 405, "width": 117, "height": 86}, "region_attributes": {"name": "bbox1\n"}}, {"shape_attributes": {"name": "rect", "x": 713, "y": 351, "width": 227, "height": 128}, "region_attributes": {"name": "bbox2\n"}}, {"shape_attributes": {"name": "rect", "x": 1046, "y": 352, "width": 296, "height": 207}, "region_attributes": {"name": "bbox3\n"}}], "file_attributes": {}}]