[{"filename": "223.jpg", "size": 267267, "regions": [{"shape_attributes": {"name": "polyline", "all_points_x": [1095, 1143, 1143, 1205, 1286, 1286, 1307, 1474, 1545, 1550, 1431, 1344, 1311, 1279, 1245, 1220, 1194, 1171, 1156, 1111, 1093], "all_points_y": [501, 468, 415, 422, 428, 367, 277, 270, 283, 415, 454, 310, 413, 501, 435, 441, 482, 527, 474, 530, 501]}, "region_attributes": {"name": "smoke\n"}}, {"shape_attributes": {"name": "rect", "x": 1083, "y": 227, "width": 494, "height": 354}, "region_attributes": {"name": "bbox\n"}}], "file_attributes": {}}]