[{"filename": "225.jpg", "size": 147173, "regions": [{"shape_attributes": {"name": "polyline", "all_points_x": [504, 591, 761, 418, 1191, 1462, 1610, 1610, 1912, 1913, 1816, 1742, 1589, 1424, 1316, 1032, 840, 655, 504], "all_points_y": [621, 540, 489, 438, 201, 7, 5, 142, 140, 779, 792, 764, 716, 680, 659, 678, 731, 703, 627]}, "region_attributes": {"name": "smoke"}}, {"shape_attributes": {"name": "rect", "x": 311, "y": 10, "width": 1605, "height": 805}, "region_attributes": {"name": "bbox\n"}}], "file_attributes": {}}]