[{"filename": "226.jpg", "size": 150324, "regions": [{"shape_attributes": {"name": "polyline", "all_points_x": [591, 874, 967, 1117, 1394, 1437, 1611, 1611, 1908, 1913, 1817, 1640, 1583, 1416, 1223, 1006, 828, 655, 655, 611, 678, 591], "all_points_y": [574, 462, 208, 148, 133, 7, 7, 128, 133, 764, 793, 751, 709, 675, 666, 698, 742, 756, 709, 695, 626, 574]}, "region_attributes": {"name": "smoke\n"}}, {"shape_attributes": {"name": "rect", "x": 408, "y": 7, "width": 1510, "height": 825}, "region_attributes": {"name": "bbox\n"}}], "file_attributes": {}}]