[{"filename": "229.jpg", "size": 310847, "regions": [{"shape_attributes": {"name": "polyline", "all_points_x": [856, 790, 748, 779, 683, 581, 557, 369, 207, 207, 262, 359, 380, 443, 608, 774, 837, 835], "all_points_y": [581, 566, 514, 501, 453, 522, 397, 209, 315, 400, 450, 529, 614, 672, 627, 594, 593, 570]}, "region_attributes": {"name": "smoke\n"}}, {"shape_attributes": {"name": "rect", "x": 163, "y": 168, "width": 715, "height": 560}, "region_attributes": {"name": "bbox\n"}}, {"shape_attributes": {"name": "polyline", "all_points_x": [1309, 1288, 1263, 1167, 1032, 1098, 1199, 1253, 1301, 1307], "all_points_y": [267, 229, 227, 112, 224, 257, 244, 255, 270, 265]}, "region_attributes": {"name": "smoke\n"}}, {"shape_attributes": {"name": "rect", "x": 1016, "y": 99, "width": 315, "height": 203}, "region_attributes": {"name": "bbox\n"}}], "file_attributes": {}}]