[{"filename": "23.jpg", "size": 202165, "regions": [{"shape_attributes": {"name": "polyline", "all_points_x": [747, 675, 566, 516, 352, 161, 103, 183, 209, 357, 445, 498, 549, 625, 721, 774, 819, 819, 749], "all_points_y": [538, 524, 514, 524, 492, 469, 463, 308, 283, 276, 272, 238, 262, 331, 419, 453, 525, 532, 537]}, "region_attributes": {"name": "smoke\n"}}, {"shape_attributes": {"name": "rect", "x": 67, "y": 206, "width": 799, "height": 357}, "region_attributes": {"name": "bounding box\n"}}], "file_attributes": {}}]