[{"filename": "230.jpg", "size": 342886, "regions": [{"shape_attributes": {"name": "polyline", "all_points_x": [738, 562, 538, 571, 461, 420, 343, 273, 287, 333, 290, 288, 397, 445, 591, 743, 729], "all_points_y": [583, 571, 543, 410, 301, 194, 171, 367, 471, 520, 669, 698, 700, 680, 641, 594, 580]}, "region_attributes": {"name": "smoke\n"}}, {"shape_attributes": {"name": "polyline", "all_points_x": [1303, 1301, 1228, 1148, 1195, 1248, 1293, 1301], "all_points_y": [262, 211, 158, 217, 257, 273, 273, 260]}, "region_attributes": {"name": "smoke\n"}}, {"shape_attributes": {"name": "rect", "x": 161, "y": 145, "width": 642, "height": 575}, "region_attributes": {"name": "bbox\n"}}, {"shape_attributes": {"name": "rect", "x": 1133, "y": 148, "width": 199, "height": 145}, "region_attributes": {"name": "bbox\n"}}], "file_attributes": {}}]