[{"filename": "231.jpg", "size": 352966, "regions": [{"shape_attributes": {"name": "polyline", "all_points_x": [853, 756, 484, 387, 319, 235, 217, 244, 234, 30, 56, 5, 8, 127, 224, 282, 501, 654, 799, 856, 851], "all_points_y": [645, 622, 649, 645, 593, 586, 519, 481, 443, 430, 362, 290, 662, 664, 736, 771, 736, 685, 657, 669, 642]}, "region_attributes": {"name": "smoke\n"}}, {"shape_attributes": {"name": "rect", "x": 7, "y": 257, "width": 896, "height": 540}, "region_attributes": {"name": "bbox\n"}}], "file_attributes": {}}]