[{"filename": "232.jpg", "size": 166346, "regions": [{"shape_attributes": {"name": "polyline", "all_points_x": [72, 158, 290, 395, 408, 367, 408, 509, 810, 1067, 1335, 1400, 1390, 909, 734, 580, 487, 326, 222, 69], "all_points_y": [619, 537, 469, 384, 305, 303, 209, 204, 226, 249, 237, 221, 441, 529, 632, 647, 599, 641, 662, 613]}, "region_attributes": {"name": "smoke\n"}}, {"shape_attributes": {"name": "rect", "x": 66, "y": 145, "width": 1390, "height": 545}, "region_attributes": {"name": "bbox\n"}}], "file_attributes": {}}]