[{"filename": "233.jpg", "size": 141685, "regions": [{"shape_attributes": {"name": "polyline", "all_points_x": [68, 125, 226, 242, 240, 295, 372, 418, 555, 675, 822, 1000, 1299, 1388, 1444, 1334, 1279, 1291, 925, 578, 454, 240, 63], "all_points_y": [626, 553, 479, 461, 430, 390, 402, 270, 204, 247, 201, 201, 166, 176, 277, 359, 382, 581, 591, 632, 613, 669, 624]}, "region_attributes": {"name": "smoke\n"}}, {"shape_attributes": {"name": "rect", "x": 43, "y": 119, "width": 1470, "height": 580}, "region_attributes": {"name": "bbox\n"}}], "file_attributes": {}}]