[{"filename": "234.jpg", "size": 142289, "regions": [{"shape_attributes": {"name": "polyline", "all_points_x": [117, 168, 308, 489, 570, 603, 586, 695, 843, 902, 1191, 1276, 1312, 1219, 1087, 1056, 779, 580, 372, 273, 221, 112, 115], "all_points_y": [624, 537, 418, 278, 270, 262, 235, 175, 168, 231, 198, 333, 481, 529, 520, 578, 624, 599, 627, 655, 665, 637, 619]}, "region_attributes": {"name": "smoke"}}, {"shape_attributes": {"name": "rect", "x": 87, "y": 122, "width": 1242, "height": 580}, "region_attributes": {"name": "bbox\n"}}], "file_attributes": {}}]