[{"filename": "235.jpg", "size": 156977, "regions": [{"shape_attributes": {"name": "polyline", "all_points_x": [132, 247, 329, 476, 418, 757, 833, 985, 1154, 1146, 902, 748, 703, 733, 927, 958, 718, 486, 227, 112, 137], "all_points_y": [629, 514, 418, 370, 308, 221, 249, 244, 272, 349, 418, 435, 466, 519, 504, 614, 644, 609, 665, 631, 621]}, "region_attributes": {"name": "smoke\n"}}, {"shape_attributes": {"name": "rect", "x": 84, "y": 203, "width": 1187, "height": 529}, "region_attributes": {"name": "bbox\n"}}], "file_attributes": {}}]