[{"filename": "237.jpg", "size": 155368, "regions": [{"shape_attributes": {"name": "polyline", "all_points_x": [217, 209, 334, 318, 268, 189, 254, 398, 543, 744, 759, 772, 746, 790, 774, 662, 716, 576, 445, 287, 262, 214, 221], "all_points_y": [654, 578, 530, 473, 394, 326, 193, 59, 3, 10, 66, 119, 156, 203, 250, 277, 356, 426, 580, 650, 672, 670, 649]}, "region_attributes": {"name": "smoke\n"}}, {"shape_attributes": {"name": "rect", "x": 114, "y": 3, "width": 736, "height": 695}, "region_attributes": {"name": "bbox\n"}}], "file_attributes": {}}]