[{"filename": "238.jpg", "size": 160034, "regions": [{"shape_attributes": {"name": "polyline", "all_points_x": [216, 216, 104, 8, 10, 221, 280, 395, 468, 818, 1018, 1079, 1118, 1064, 835, 695, 552, 390, 207], "all_points_y": [657, 550, 507, 448, 308, 257, 214, 216, 257, 184, 235, 278, 357, 435, 593, 700, 678, 672, 652]}, "region_attributes": {"name": "smoke\n"}}, {"shape_attributes": {"name": "rect", "x": 10, "y": 145, "width": 1141, "height": 558}, "region_attributes": {"name": "bbox\n\n"}}], "file_attributes": {}}]