[{"filename": "239.jpg", "size": 162135, "regions": [{"shape_attributes": {"name": "polyline", "all_points_x": [229, 254, 252, 207, 150, 198, 366, 497, 570, 736, 813, 846, 728, 1014, 1174, 1235, 1319, 1163, 1329, 1296, 1029, 611, 514, 379, 221], "all_points_y": [662, 624, 542, 527, 408, 298, 189, 189, 179, 53, 16, 21, 184, 203, 170, 123, 135, 290, 329, 543, 562, 650, 685, 673, 660]}, "region_attributes": {"name": "smoke\n"}}, {"shape_attributes": {"name": "rect", "x": 104, "y": 8, "width": 1303, "height": 685}, "region_attributes": {"name": "bbox\n"}}], "file_attributes": {}}]