[{"filename": "24.jpg", "size": 114311, "regions": [{"shape_attributes": {"name": "polyline", "all_points_x": [1019, 891, 796, 707, 717, 894, 1051, 1018], "all_points_y": [859, 901, 920, 945, 993, 951, 882, 856]}, "region_attributes": {"name": "smoke\n"}}, {"shape_attributes": {"name": "rect", "x": 682, "y": 824, "width": 384, "height": 184}, "region_attributes": {"name": "bounding box\n"}}, {"shape_attributes": {"name": "polyline", "all_points_x": [3, 491, 612, 864, 1064, 1297, 1563, 1823, 1836, 1841, 1909, 1779, 1685, 5, 8], "all_points_y": [393, 403, 415, 373, 395, 419, 415, 428, 425, 363, 311, 203, 2, 3, 393]}, "region_attributes": {"name": "sky\n"}}, {"shape_attributes": {"name": "polyline", "all_points_x": [6, 3, 1831, 1861, 1861, 1912, 1915, 1861, 1238, 866, 599, 474, 3], "all_points_y": [401, 1040, 1040, 975, 901, 897, 385, 438, 422, 377, 428, 409, 403]}, "region_attributes": {"name": "land\n"}}], "file_attributes": {}}]