[{"filename": "240.jpg", "size": 329799, "regions": [{"shape_attributes": {"name": "polyline", "all_points_x": [741, 540, 496, 402, 323, 306, 239, 221, 150, 36, 3, 3, 91, 130, 313, 461, 622, 741], "all_points_y": [649, 670, 665, 652, 659, 616, 616, 547, 506, 422, 423, 667, 739, 771, 766, 748, 692, 645]}, "region_attributes": {"name": "smoke\n"}}, {"shape_attributes": {"name": "rect", "x": 5, "y": 331, "width": 794, "height": 473}, "region_attributes": {"name": "bbox\n"}}], "file_attributes": {}}]