[{"filename": "243.jpg", "size": 213249, "regions": [{"shape_attributes": {"name": "polyline", "all_points_x": [1103, 1074, 965, 879, 797, 753, 725, 725, 451, 446, 621, 744, 807, 850, 866, 892, 901, 939, 1011, 1097], "all_points_y": [454, 408, 441, 329, 349, 313, 323, 336, 329, 473, 471, 431, 438, 506, 515, 448, 446, 530, 514, 461]}, "region_attributes": {"name": "smoke\n"}}, {"shape_attributes": {"name": "rect", "x": 397, "y": 270, "width": 813, "height": 296}, "region_attributes": {"name": "bbox\n"}}], "file_attributes": {}}]