[{"filename": "244.jpg", "size": 211029, "regions": [{"shape_attributes": {"name": "polyline", "all_points_x": [1031, 1008, 1041, 937, 919, 878, 876, 787, 774, 728, 456, 456, 622, 695, 728, 809, 851, 891, 902, 932, 947, 1024, 1031], "all_points_y": [484, 435, 398, 343, 390, 398, 367, 343, 319, 333, 331, 402, 441, 433, 512, 509, 524, 448, 458, 501, 530, 491, 486]}, "region_attributes": {"name": "smoke\n"}}, {"shape_attributes": {"name": "rect", "x": 433, "y": 293, "width": 688, "height": 328}, "region_attributes": {"name": "bbox\n"}}], "file_attributes": {}}]