[{"filename": "245.jpg", "size": 244246, "regions": [{"shape_attributes": {"name": "polyline", "all_points_x": [1219, 1143, 1077, 1003, 957, 846, 784, 729, 603, 629, 813, 861, 886, 944, 1006, 1095, 1139, 1210, 1214], "all_points_y": [529, 482, 446, 433, 356, 370, 374, 336, 331, 390, 504, 545, 445, 510, 510, 468, 547, 568, 532]}, "region_attributes": {"name": "smoke\n"}}, {"shape_attributes": {"name": "rect", "x": 583, "y": 245, "width": 697, "height": 347}, "region_attributes": {"name": "bbox\n"}}], "file_attributes": {}}]