[{"filename": "246.jpg", "size": 242198, "regions": [{"shape_attributes": {"name": "polyline", "all_points_x": [1125, 1041, 1009, 899, 868, 799, 734, 728, 557, 543, 650, 703, 813, 894, 1019, 1087, 1158, 1209, 1212, 1169, 1130], "all_points_y": [466, 430, 366, 369, 321, 333, 272, 349, 333, 389, 448, 398, 448, 443, 507, 469, 560, 566, 534, 527, 468]}, "region_attributes": {"name": "smoke\n"}}, {"shape_attributes": {"name": "rect", "x": 515, "y": 260, "width": 785, "height": 326}, "region_attributes": {"name": "bbox\n"}}], "file_attributes": {}}]