[{"filename": "247.jpg", "size": 242129, "regions": [{"shape_attributes": {"name": "polyline", "all_points_x": [1024, 988, 1011, 998, 902, 924, 891, 772, 715, 463, 456, 616, 800, 851, 896, 967, 1047, 1024], "all_points_y": [486, 443, 431, 375, 357, 290, 270, 277, 333, 328, 423, 441, 443, 492, 446, 534, 494, 486]}, "region_attributes": {"name": "smoke\n"}}, {"shape_attributes": {"name": "rect", "x": 425, "y": 232, "width": 687, "height": 334}, "region_attributes": {"name": "bbox\n"}}], "file_attributes": {}}]