[{"filename": "248.jpg", "size": 237936, "regions": [{"shape_attributes": {"name": "polyline", "all_points_x": [1067, 995, 1006, 897, 833, 802, 726, 726, 459, 445, 580, 649, 700, 772, 873, 886, 906, 934, 988, 1072], "all_points_y": [474, 466, 407, 362, 412, 349, 323, 336, 329, 410, 454, 492, 492, 520, 525, 443, 443, 525, 538, 473]}, "region_attributes": {"name": "smoke\n"}}, {"shape_attributes": {"name": "rect", "x": 418, "y": 272, "width": 711, "height": 293}, "region_attributes": {"name": "bbox\n"}}], "file_attributes": {}}]