[{"filename": "249.jpg", "size": 216895, "regions": [{"shape_attributes": {"name": "polyline", "all_points_x": [1042, 1009, 963, 899, 840, 800, 695, 461, 459, 552, 680, 832, 889, 912, 940, 1004, 1042], "all_points_y": [489, 461, 461, 375, 359, 407, 336, 326, 464, 474, 527, 540, 445, 450, 548, 545, 491]}, "region_attributes": {"name": "smoke\n"}}, {"shape_attributes": {"name": "rect", "x": 417, "y": 300, "width": 695, "height": 291}, "region_attributes": {"name": "bbox\n"}}], "file_attributes": {}}]