[{"filename": "25.jpg", "size": 256243, "regions": [{"shape_attributes": {"name": "polyline", "all_points_x": [701, 629, 604, 598, 663, 707, 704, 694], "all_points_y": [517, 514, 507, 528, 542, 539, 514, 514]}, "region_attributes": {"name": "smoke\n"}}, {"shape_attributes": {"name": "rect", "x": 585, "y": 498, "width": 140, "height": 54}, "region_attributes": {"name": "bounding box\n"}}, {"shape_attributes": {"name": "polyline", "all_points_x": [6, 6, 54, 428, 820, 947, 1349, 1392, 1313, 1273, 1276, 6], "all_points_y": [5, 390, 404, 342, 366, 344, 369, 319, 247, 89, 6, 6]}, "region_attributes": {"name": "sky\n"}}, {"shape_attributes": {"name": "polyline", "all_points_x": [10, 10, 669, 634, 634, 834, 1253, 1249, 1249, 1359, 1375, 1417, 1400, 1436, 1443, 1327, 973, 824, 539, 420, 10], "all_points_y": [400, 1043, 1046, 978, 843, 821, 810, 666, 661, 660, 606, 607, 468, 387, 374, 376, 352, 374, 355, 349, 412]}, "region_attributes": {"name": "land\n"}}, {"shape_attributes": {"name": "polyline", "all_points_x": [1291, 1329, 1406, 1357, 1455, 1409, 1430, 1384, 1341, 1265, 1270, 783, 636, 641, 683, 1917, 1912, 1295], "all_points_y": [2, 235, 317, 366, 363, 468, 610, 622, 691, 677, 812, 832, 856, 985, 1042, 1046, 6, 11]}, "region_attributes": {"name": "misc\n"}}], "file_attributes": {}}]