[{"filename": "250.jpg", "size": 200733, "regions": [{"shape_attributes": {"name": "polyline", "all_points_x": [1021, 995, 916, 850, 785, 728, 723, 482, 448, 451, 568, 710, 820, 891, 937, 993, 1021], "all_points_y": [496, 420, 412, 362, 375, 316, 344, 329, 328, 433, 496, 468, 507, 446, 537, 535, 494]}, "region_attributes": {"name": "smoke\n"}}, {"shape_attributes": {"name": "rect", "x": 413, "y": 288, "width": 644, "height": 285}, "region_attributes": {"name": "bbox\n"}}], "file_attributes": {}}]