[{"filename": "251.jpg", "size": 188815, "regions": [{"shape_attributes": {"name": "polyline", "all_points_x": [1121, 912, 825, 708, 590, 473, 357, 346, 178, 16, 15, 308, 389, 657, 710, 728, 800, 846, 896, 912, 894, 1077, 1103, 1177, 1316, 1281, 1288, 1116], "all_points_y": [540, 501, 441, 440, 395, 415, 459, 357, 426, 366, 5, 7, 79, 100, 104, 163, 186, 170, 191, 227, 344, 352, 415, 402, 402, 489, 542, 540]}, "region_attributes": {"name": "smoke\n"}}, {"shape_attributes": {"name": "rect", "x": 16, "y": 12, "width": 1363, "height": 555}, "region_attributes": {"name": "bbox\n"}}], "file_attributes": {}}]