[{"filename": "252.jpg", "size": 189301, "regions": [{"shape_attributes": {"name": "polyline", "all_points_x": [1266, 1248, 1138, 1049, 1011, 939, 868, 800, 708, 636, 645, 708, 634, 497, 473, 313, 5, 10, 128, 315, 341, 479, 622, 766, 873, 1023, 1070, 1130, 1281, 1263], "all_points_y": [451, 362, 402, 291, 323, 283, 308, 280, 316, 270, 181, 137, 59, 89, 12, 46, 74, 375, 390, 316, 387, 375, 423, 473, 491, 509, 529, 550, 550, 428]}, "region_attributes": {"name": "smoke\n"}}, {"shape_attributes": {"name": "rect", "x": 12, "y": 7, "width": 1319, "height": 583}, "region_attributes": {"name": "bbox\n"}}], "file_attributes": {}}]