[{"filename": "253.jpg", "size": 188575, "regions": [{"shape_attributes": {"name": "polyline", "all_points_x": [1207, 1113, 916, 767, 743, 700, 695, 629, 492, 425, 463, 535, 542, 333, 96, 15, 10, 77, 119, 290, 525, 753, 866, 1037, 1222, 1271, 1273, 1205], "all_points_y": [476, 407, 257, 212, 212, 224, 310, 232, 231, 227, 171, 138, 63, 0, 31, 91, 303, 315, 375, 343, 402, 481, 451, 532, 560, 560, 491, 469]}, "region_attributes": {"name": "smoke\n"}}, {"shape_attributes": {"name": "rect", "x": 3, "y": 7, "width": 1349, "height": 599}, "region_attributes": {"name": "bbox\n"}}], "file_attributes": {}}]