[{"filename": "254.jpg", "size": 190836, "regions": [{"shape_attributes": {"name": "polyline", "all_points_x": [1087, 929, 883, 784, 629, 415, 232, 49, 7, 5, 128, 387, 492, 473, 379, 352, 506, 622, 660, 746, 817, 881, 912, 958, 1090, 1166, 1242, 1260, 1260, 1083], "all_points_y": [570, 520, 529, 459, 468, 382, 341, 359, 316, 40, 13, 8, 46, 128, 171, 227, 209, 283, 204, 184, 206, 245, 311, 349, 398, 428, 377, 471, 558, 566]}, "region_attributes": {"name": "smoke\n"}}, {"shape_attributes": {"name": "rect", "x": 10, "y": 7, "width": 1363, "height": 599}, "region_attributes": {"name": "bbox\n"}}], "file_attributes": {}}]