[{"filename": "255.jpg", "size": 189518, "regions": [{"shape_attributes": {"name": "polyline", "all_points_x": [1270, 1083, 939, 878, 767, 652, 616, 440, 374, 291, 130, 13, 7, 163, 295, 318, 446, 530, 598, 629, 687, 782, 850, 809, 860, 957, 1031, 1056, 1083, 1098, 1158, 1230, 1260, 1276], "all_points_y": [553, 565, 494, 428, 435, 389, 364, 392, 415, 357, 356, 372, 13, 13, 40, 158, 179, 59, 53, 71, 33, 35, 81, 165, 206, 217, 270, 331, 377, 410, 426, 461, 474, 553]}, "region_attributes": {"name": "smoke\n"}}, {"shape_attributes": {"name": "rect", "x": 10, "y": 13, "width": 1314, "height": 575}, "region_attributes": {"name": "bbox\n"}}], "file_attributes": {}}]