[{"filename": "256.jpg", "size": 190277, "regions": [{"shape_attributes": {"name": "polyline", "all_points_x": [1643, 1466, 1373, 1172, 1077, 1006, 970, 939, 891, 833, 762, 678, 616, 590, 478, 372, 364, 5, 7, 69, 147, 196, 306, 319, 385, 451, 617, 784, 884, 1011, 1070, 1273, 1303, 1334, 1429, 1536, 1630], "all_points_y": [489, 331, 303, 319, 390, 277, 278, 201, 196, 244, 79, 5, 7, 72, 12, 46, 7, 7, 277, 306, 303, 338, 326, 293, 310, 364, 385, 456, 464, 519, 548, 552, 417, 362, 542, 542, 481]}, "region_attributes": {"name": "smoke\n"}}, {"shape_attributes": {"name": "rect", "x": 0, "y": 7, "width": 1716, "height": 596}, "region_attributes": {"name": "bbox\n\n"}}], "file_attributes": {}}]