[{"filename": "257.jpg", "size": 197230, "regions": [{"shape_attributes": {"name": "polyline", "all_points_x": [1299, 1274, 1233, 1189, 1161, 1124, 1065, 1021, 957, 906, 887, 840, 779, 722, 682, 601, 555, 486, 388, 305, 233, 89, 12, 2, 182, 256, 456, 597, 732, 977, 1056, 1146, 1267, 1296], "all_points_y": [462, 418, 423, 336, 336, 297, 317, 267, 245, 290, 317, 295, 344, 289, 159, 137, 169, 155, 177, 67, 7, 5, 57, 449, 450, 440, 469, 493, 542, 521, 555, 565, 560, 445]}, "region_attributes": {"name": "smoke"}}, {"shape_attributes": {"name": "rect", "x": 10, "y": 15, "width": 1390, "height": 557}, "region_attributes": {"name": "bbox\n"}}], "file_attributes": {}}]