[{"filename": "26.jpg", "size": 113058, "regions": [{"shape_attributes": {"name": "polyline", "all_points_x": [683, 651, 541, 464, 460, 418, 451, 427, 3, 3, 119, 122, 161, 154, 300, 434, 612, 646, 681], "all_points_y": [460, 408, 378, 297, 244, 162, 66, 31, 2, 270, 257, 313, 325, 386, 390, 432, 450, 464, 461]}, "region_attributes": {"name": "smoke\n\n"}}, {"shape_attributes": {"name": "rect", "x": 5, "y": 5, "width": 736, "height": 472}, "region_attributes": {"name": "bounding box\n"}}, {"shape_attributes": {"name": "polyline", "all_points_x": [26, 13, 177, 334, 569, 643, 1038, 1207, 1324, 1557, 1746, 1917, 1914, 8, 13], "all_points_y": [373, 373, 392, 400, 458, 464, 463, 506, 514, 468, 516, 506, 1048, 1041, 368]}, "region_attributes": {"name": "land\n"}}, {"shape_attributes": {"name": "polyline", "all_points_x": [1910, 1914, 1756, 1565, 1401, 1308, 1041, 760, 419, 161, 27, 19, 1912], "all_points_y": [0, 496, 508, 463, 490, 508, 455, 456, 418, 378, 365, 5, 5]}, "region_attributes": {"name": "sky\n"}}], "file_attributes": {}}]