[{"filename": "261.jpg", "size": 232325, "regions": [{"shape_attributes": {"name": "polyline", "all_points_x": [1214, 1197, 1232, 1205, 1143, 1098, 1032, 939, 784, 721, 845, 919, 1042, 1113, 1133, 1209], "all_points_y": [580, 534, 461, 422, 395, 352, 369, 443, 471, 487, 514, 534, 507, 527, 563, 573]}, "region_attributes": {"name": "smoke\n"}}, {"shape_attributes": {"name": "rect", "x": 703, "y": 316, "width": 583, "height": 283}, "region_attributes": {"name": "bbox\n"}}], "file_attributes": {}}]