[{"filename": "262.jpg", "size": 235364, "regions": [{"shape_attributes": {"name": "polyline", "all_points_x": [1219, 1207, 1192, 1228, 1176, 1199, 1182, 988, 876, 863, 710, 502, 535, 807, 1110, 1148, 1182, 1219, 1219], "all_points_y": [560, 441, 356, 244, 206, 133, 87, 161, 296, 402, 402, 459, 479, 471, 478, 547, 570, 573, 560]}, "region_attributes": {"name": "smoke\n\n"}}, {"shape_attributes": {"name": "rect", "x": 491, "y": 59, "width": 772, "height": 547}, "region_attributes": {"name": "bbox\n"}}], "file_attributes": {}}]