[{"filename": "264.jpg", "size": 176302, "regions": [{"shape_attributes": {"name": "polyline", "all_points_x": [846, 708, 617, 596, 743, 860, 925, 930, 914, 914, 843], "all_points_y": [608, 598, 599, 433, 296, 227, 212, 453, 459, 593, 609]}, "region_attributes": {"name": ""}}, {"shape_attributes": {"name": "polyline", "all_points_x": [968, 968, 986, 1034, 1299, 1513, 1494, 1240, 1079, 1024, 1042, 1008, 963], "all_points_y": [296, 514, 571, 466, 428, 379, 191, 184, 178, 188, 231, 288, 298]}, "region_attributes": {"name": "smoke\n"}}, {"shape_attributes": {"name": "rect", "x": 594, "y": 87, "width": 919, "height": 566}, "region_attributes": {"name": "bbox\n"}}], "file_attributes": {}}]