[{"filename": "265.jpg", "size": 171606, "regions": [{"shape_attributes": {"name": "polyline", "all_points_x": [571, 655, 693, 785, 916, 927, 934, 914, 914, 886, 919, 920, 813, 800, 749, 675, 594, 576], "all_points_y": [212, 212, 133, 132, 184, 186, 456, 478, 512, 537, 548, 596, 616, 585, 591, 613, 553, 212]}, "region_attributes": {"name": "smoke\n"}}, {"shape_attributes": {"name": "polyline", "all_points_x": [970, 965, 983, 960, 1367, 1406, 1056, 1031, 967], "all_points_y": [285, 502, 515, 598, 527, 494, 175, 278, 296]}, "region_attributes": {"name": "smoke\n"}}, {"shape_attributes": {"name": "rect", "x": 557, "y": 49, "width": 869, "height": 590}, "region_attributes": {"name": "bbox\n"}}], "file_attributes": {}}]