[{"filename": "272.jpg", "size": 209890, "regions": [{"shape_attributes": {"name": "polyline", "all_points_x": [901, 841, 695, 431, 270, 298, 609, 631, 807, 868, 980, 1156, 1255, 1087, 1029, 1067, 896], "all_points_y": [555, 520, 548, 560, 487, 422, 356, 308, 291, 242, 315, 296, 352, 407, 504, 538, 548]}, "region_attributes": {"name": "smoke\n"}}, {"shape_attributes": {"name": "rect", "x": 227, "y": 217, "width": 1136, "height": 402}, "region_attributes": {"name": "bbox\n"}}], "file_attributes": {}}]