[{"filename": "273.jpg", "size": 170531, "regions": [{"shape_attributes": {"name": "polyline", "all_points_x": [748, 669, 619, 606, 471, 267, 5, 8, 1329, 1352, 1016, 932, 934, 1016, 1018, 1064, 1092, 743], "all_points_y": [553, 514, 555, 501, 543, 507, 520, 5, 8, 194, 285, 323, 349, 354, 402, 417, 527, 558]}, "region_attributes": {"name": "smoke\n"}}, {"shape_attributes": {"name": "rect", "x": 10, "y": 7, "width": 1408, "height": 603}, "region_attributes": {"name": "bbox\n"}}], "file_attributes": {}}]