[{"filename": "277.jpg", "size": 108585, "regions": [{"shape_attributes": {"name": "polyline", "all_points_x": [20, 28, 463, 622, 608, 807, 807, 939, 1136, 1199, 1431, 1869, 1780, 1477, 1232, 1125, 1072, 787, 774, 701, 622, 576, 510, 458, 344, 0, 18], "all_points_y": [534, 392, 382, 397, 459, 413, 394, 285, 303, 375, 402, 435, 484, 481, 479, 756, 767, 804, 894, 916, 1047, 1047, 922, 919, 1051, 1049, 538]}, "region_attributes": {"name": "smoke\n"}}, {"shape_attributes": {"name": "rect", "x": 13, "y": 265, "width": 1854, "height": 784}, "region_attributes": {"name": "bbox\n"}}], "file_attributes": {}}]