[{"filename": "278.jpg", "size": 104844, "regions": [{"shape_attributes": {"name": "polyline", "all_points_x": [28, 585, 743, 967, 1028, 1184, 1421, 1826, 1904, 1889, 1472, 1314, 1220, 1243, 1070, 754, 753, 629, 626, 576, 506, 359, 12, 21], "all_points_y": [519, 369, 303, 323, 395, 362, 418, 390, 377, 496, 555, 530, 553, 645, 789, 797, 906, 1003, 1047, 1047, 906, 1039, 1032, 527]}, "region_attributes": {"name": "smoke\n"}}, {"shape_attributes": {"name": "rect", "x": 10, "y": 257, "width": 1904, "height": 790}, "region_attributes": {"name": "bbox\n"}}], "file_attributes": {}}]