[{"filename": "28.jpg", "size": 114313, "regions": [{"shape_attributes": {"name": "polyline", "all_points_x": [21, 127, 222, 260, 349, 479, 599, 712, 947, 945, 1042, 1116, 1294, 1427, 1509, 1608, 1747, 1906, 1910, 3, 3, 27], "all_points_y": [214, 203, 159, 141, 209, 425, 568, 577, 595, 514, 504, 400, 347, 298, 171, 95, 90, 70, 2, 6, 220, 212]}, "region_attributes": {"name": "smoke\n"}}, {"shape_attributes": {"name": "rect", "x": 6, "y": 13, "width": 1912, "height": 591}, "region_attributes": {"name": "bounding box\n"}}], "file_attributes": {}}]