[{"filename": "281.jpg", "size": 116553, "regions": [{"shape_attributes": {"name": "polyline", "all_points_x": [867, 936, 1038, 1083, 1110, 1093, 1329, 1414, 1572, 1822, 1913, 1907, 1657, 1544, 1387, 1270, 1068, 1016, 936, 867], "all_points_y": [526, 442, 457, 430, 439, 491, 526, 472, 513, 504, 547, 594, 594, 601, 675, 596, 596, 558, 553, 521]}, "region_attributes": {"name": "smoke\n"}}, {"shape_attributes": {"name": "rect", "x": 859, "y": 398, "width": 1051, "height": 314}, "region_attributes": {"name": "bbox\n"}}], "file_attributes": {}}]