[{"filename": "283.jpg", "size": 119492, "regions": [{"shape_attributes": {"name": "polyline", "all_points_x": [941, 958, 1049, 1130, 1276, 1549, 1552, 1915, 1917, 1665, 1542, 1456, 1353, 1286, 1211, 1033, 935], "all_points_y": [533, 506, 488, 499, 437, 439, 474, 479, 621, 601, 638, 651, 587, 580, 530, 538, 538]}, "region_attributes": {"name": "smoke\n"}}, {"shape_attributes": {"name": "rect", "x": 921, "y": 378, "width": 995, "height": 322}, "region_attributes": {"name": "bbox\n"}}], "file_attributes": {}}]