[{"filename": "284.jpg", "size": 116380, "regions": [{"shape_attributes": {"name": "polyline", "all_points_x": [604, 714, 1076, 1507, 1797, 1912, 1912, 1745, 1650, 1503, 1400, 1367, 1139, 935, 860, 847, 609, 602], "all_points_y": [614, 569, 515, 550, 521, 525, 638, 604, 594, 666, 677, 633, 579, 570, 611, 619, 643, 614]}, "region_attributes": {"name": "smoke\n"}}, {"shape_attributes": {"name": "rect", "x": 580, "y": 407, "width": 1335, "height": 336}, "region_attributes": {"name": "bbox\n"}}], "file_attributes": {}}]