[{"filename": "285.jpg", "size": 103013, "regions": [{"shape_attributes": {"name": "polyline", "all_points_x": [1029, 980, 860, 796, 692, 651, 538, 493, 405, 260, 10, 0, 0, 204, 369, 575, 697, 918, 1009, 1036], "all_points_y": [537, 503, 503, 456, 486, 508, 493, 459, 496, 466, 405, 412, 589, 572, 574, 564, 533, 547, 548, 538]}, "region_attributes": {"name": "smoke\n"}}, {"shape_attributes": {"name": "rect", "x": 3, "y": 317, "width": 1088, "height": 364}, "region_attributes": {"name": "bbox\n\n"}}], "file_attributes": {}}]