[{"filename": "287.jpg", "size": 104715, "regions": [{"shape_attributes": {"name": "polyline", "all_points_x": [1051, 874, 815, 725, 688, 632, 576, 527, 463, 390, 247, 125, 8, 7, 147, 254, 329, 542, 678, 777, 884, 958, 1047], "all_points_y": [534, 506, 471, 468, 461, 464, 464, 436, 476, 489, 479, 466, 469, 590, 565, 568, 583, 562, 547, 529, 547, 555, 534]}, "region_attributes": {"name": "smoke\n"}}, {"shape_attributes": {"name": "rect", "x": 10, "y": 420, "width": 1072, "height": 240}, "region_attributes": {"name": "bbox\n"}}], "file_attributes": {}}]