[{"filename": "288.jpg", "size": 104908, "regions": [{"shape_attributes": {"name": "polyline", "all_points_x": [917, 860, 746, 685, 655, 571, 553, 512, 479, 426, 395, 267, 128, 10, 10, 211, 321, 459, 583, 697, 805, 916], "all_points_y": [553, 506, 527, 484, 464, 515, 451, 438, 458, 454, 428, 441, 464, 473, 586, 563, 585, 573, 565, 532, 550, 558]}, "region_attributes": {"name": "smoke\n"}}, {"shape_attributes": {"name": "rect", "x": 7, "y": 398, "width": 944, "height": 242}, "region_attributes": {"name": "bbox\n"}}], "file_attributes": {}}]