[{"filename": "289.jpg", "size": 106313, "regions": [{"shape_attributes": {"name": "polyline", "all_points_x": [963, 757, 650, 644, 590, 568, 519, 466, 471, 379, 352, 263, 221, 170, 109, 115, 8, 8, 216, 288, 510, 688, 881, 955, 955], "all_points_y": [543, 494, 464, 422, 408, 454, 402, 410, 339, 356, 428, 407, 415, 385, 397, 436, 487, 586, 566, 586, 563, 543, 543, 560, 540]}, "region_attributes": {"name": "smoke\n"}}, {"shape_attributes": {"name": "rect", "x": 10, "y": 288, "width": 1008, "height": 356}, "region_attributes": {"name": "bbox\n"}}], "file_attributes": {}}]