[{"filename": "29.jpg", "size": 456018, "regions": [{"shape_attributes": {"name": "polyline", "all_points_x": [840, 942, 979, 983, 1076, 1113, 1040, 1107, 1192, 1222, 1283, 1390, 1445, 1448, 1421, 1405, 1326, 1259, 1219, 1198, 1137, 1085, 1027, 883, 838], "all_points_y": [512, 482, 409, 396, 376, 364, 299, 239, 245, 212, 169, 212, 258, 306, 344, 373, 402, 451, 468, 469, 498, 500, 530, 529, 514]}, "region_attributes": {"name": "smoke\n"}}, {"shape_attributes": {"name": "rect", "x": 820, "y": 165, "width": 684, "height": 389}, "region_attributes": {"name": "bounding box\n"}}, {"shape_attributes": {"name": "polyline", "all_points_x": [9, 3, 678, 1032, 1439, 1805, 1811, 5], "all_points_y": [6, 323, 364, 372, 358, 378, 2, 6]}, "region_attributes": {"name": "sky\n"}}, {"shape_attributes": {"name": "polyline", "all_points_x": [9, 3, 1808, 1811, 1436, 921, 570, 6], "all_points_y": [331, 994, 995, 386, 372, 378, 370, 329]}, "region_attributes": {"name": "land\n"}}], "file_attributes": {}}]