[{"filename": "290.jpg", "size": 94586, "regions": [{"shape_attributes": {"name": "polyline", "all_points_x": [1202, 1060, 967, 810, 761, 576, 502, 445, 407, 333, 257, 199, 178, 107, 63, 3, 3, 81, 275, 431, 598, 701, 784, 892, 991, 1090, 1135, 1195], "all_points_y": [634, 507, 550, 527, 545, 487, 461, 450, 487, 385, 336, 333, 273, 280, 212, 198, 690, 713, 695, 677, 660, 624, 639, 632, 660, 660, 660, 632]}, "region_attributes": {"name": "smoke\n"}}, {"shape_attributes": {"name": "rect", "x": 2, "y": 189, "width": 1248, "height": 576}, "region_attributes": {"name": "bbox\n"}}], "file_attributes": {}}]