[{"filename": "291.jpg", "size": 120193, "regions": [{"shape_attributes": {"name": "polyline", "all_points_x": [927, 914, 799, 723, 655, 629, 532, 476, 374, 306, 254, 143, 91, 30, 10, 8, 204, 315, 438, 497, 543, 767, 920], "all_points_y": [565, 537, 473, 497, 476, 372, 374, 349, 405, 377, 415, 394, 389, 354, 349, 565, 571, 593, 599, 578, 594, 588, 562]}, "region_attributes": {"name": "smoke\n"}}, {"shape_attributes": {"name": "rect", "x": 2, "y": 326, "width": 990, "height": 300}, "region_attributes": {"name": "bbox\n"}}], "file_attributes": {}}]