[{"filename": "292.jpg", "size": 116862, "regions": [{"shape_attributes": {"name": "polyline", "all_points_x": [1039, 906, 866, 823, 774, 728, 601, 576, 583, 517, 413, 357, 315, 313, 275, 275, 231, 203, 122, 87, 41, 3, 3, 201, 372, 445, 504, 632, 716, 925, 1041, 1037], "all_points_y": [568, 553, 519, 519, 534, 474, 484, 430, 395, 374, 395, 389, 390, 443, 402, 356, 349, 324, 387, 362, 346, 301, 565, 560, 598, 598, 580, 583, 583, 568, 580, 570]}, "region_attributes": {"name": "smoke\n"}}, {"shape_attributes": {"name": "rect", "x": 2, "y": 252, "width": 1121, "height": 380}, "region_attributes": {"name": "bbox\n"}}], "file_attributes": {}}]