[{"filename": "293.jpg", "size": 129367, "regions": [{"shape_attributes": {"name": "polyline", "all_points_x": [5, 194, 324, 492, 603, 810, 866, 1067, 1161, 1258, 1329, 1398, 1457, 1736, 1841, 1663, 1559, 1278, 1079, 731, 482, 324, 97, 5, 7], "all_points_y": [552, 599, 558, 585, 515, 542, 562, 573, 580, 497, 568, 560, 596, 580, 667, 692, 731, 751, 754, 738, 738, 698, 698, 695, 552]}, "region_attributes": {"name": "smoke\n"}}, {"shape_attributes": {"name": "rect", "x": 7, "y": 445, "width": 1867, "height": 347}, "region_attributes": {"name": "bbox\n"}}], "file_attributes": {}}]