[{"filename": "294.jpg", "size": 124369, "regions": [{"shape_attributes": {"name": "polyline", "all_points_x": [7, 104, 142, 328, 464, 616, 673, 837, 853, 988, 1189, 1225, 1321, 1406, 1454, 1579, 1848, 1642, 1518, 1382, 1281, 1064, 761, 435, 344, 176, 3, 8], "all_points_y": [588, 552, 594, 594, 588, 571, 593, 604, 575, 593, 562, 593, 571, 606, 573, 599, 669, 701, 723, 744, 753, 746, 751, 733, 701, 693, 693, 586]}, "region_attributes": {"name": "smoke\n"}}, {"shape_attributes": {"name": "rect", "x": 0, "y": 443, "width": 1894, "height": 397}, "region_attributes": {"name": "bbox\n"}}], "file_attributes": {}}]