[{"filename": "295.jpg", "size": 121962, "regions": [{"shape_attributes": {"name": "polyline", "all_points_x": [1886, 1669, 1571, 1556, 1515, 1495, 1365, 1238, 828, 704, 386, 7, 10, 327, 567, 886, 1324, 1373, 1611, 1724, 1883], "all_points_y": [675, 548, 523, 565, 565, 535, 506, 513, 574, 558, 567, 538, 695, 704, 741, 717, 715, 746, 705, 688, 670]}, "region_attributes": {"name": "smoke\n"}}, {"shape_attributes": {"name": "rect", "x": 10, "y": 452, "width": 1876, "height": 358}, "region_attributes": {"name": "bbox\n"}}], "file_attributes": {}}]