[{"filename": "296.jpg", "size": 119364, "regions": [{"shape_attributes": {"name": "polyline", "all_points_x": [1874, 1773, 1689, 1601, 1551, 1505, 1484, 1365, 1337, 1268, 1097, 1024, 892, 506, 232, 7, 8, 293, 504, 700, 963, 1248, 1334, 1535, 1663, 1676, 1670, 1867, 1867], "all_points_y": [665, 631, 557, 543, 543, 464, 453, 478, 525, 501, 540, 501, 543, 548, 512, 509, 692, 697, 734, 731, 726, 723, 743, 718, 715, 715, 685, 675, 665]}, "region_attributes": {"name": "smoke\n"}}, {"shape_attributes": {"name": "rect", "x": 10, "y": 397, "width": 1880, "height": 400}, "region_attributes": {"name": "bbox\n"}}], "file_attributes": {}}]