[{"filename": "297.jpg", "size": 120719, "regions": [{"shape_attributes": {"name": "polyline", "all_points_x": [1876, 1777, 1724, 1630, 1609, 1475, 1480, 1390, 1345, 871, 380, 10, 7, 249, 428, 517, 611, 698, 799, 855, 1148, 1214, 1327, 1479, 1507, 1624, 1652, 1880], "all_points_y": [673, 619, 573, 570, 535, 529, 469, 474, 540, 563, 583, 588, 692, 698, 728, 733, 744, 741, 725, 725, 734, 711, 751, 701, 718, 718, 687, 678]}, "region_attributes": {"name": "smoke\n"}}, {"shape_attributes": {"name": "rect", "x": 3, "y": 402, "width": 1900, "height": 454}, "region_attributes": {"name": "bbox\n"}}], "file_attributes": {}}]