[{"filename": "298.jpg", "size": 117443, "regions": [{"shape_attributes": {"name": "polyline", "all_points_x": [1915, 1792, 1353, 872, 705, 542, 577, 442, 302, 0, 3, 91, 314, 449, 619, 680, 741, 874, 948, 1039, 1102, 1191, 1213, 1306, 1461, 1544, 1593, 1699, 1723, 1915, 1915], "all_points_y": [651, 579, 528, 547, 574, 580, 548, 499, 528, 562, 683, 695, 697, 729, 744, 722, 736, 719, 732, 727, 729, 715, 751, 732, 709, 704, 724, 695, 683, 678, 651]}, "region_attributes": {"name": "smoke\n"}}, {"shape_attributes": {"name": "rect", "x": 10, "y": 437, "width": 1907, "height": 368}, "region_attributes": {"name": "bbox\n"}}], "file_attributes": {}}]