[{"filename": "299.jpg", "size": 116963, "regions": [{"shape_attributes": {"name": "polyline", "all_points_x": [1915, 1772, 1640, 1493, 1414, 1265, 1029, 918, 545, 349, 246, 0, 3, 272, 432, 543, 609, 685, 746, 879, 896, 1110, 1252, 1345, 1503, 1576, 1734, 1868, 1913, 1912], "all_points_y": [661, 634, 557, 558, 526, 562, 526, 574, 596, 596, 560, 560, 685, 688, 727, 742, 747, 715, 736, 715, 722, 736, 709, 752, 700, 736, 693, 687, 685, 661]}, "region_attributes": {"name": "smoke\n"}}, {"shape_attributes": {"name": "rect", "x": 8, "y": 477, "width": 1907, "height": 312}, "region_attributes": {"name": "bbox\n"}}], "file_attributes": {}}]