[{"filename": "3.jpg", "size": 144668, "regions": [{"shape_attributes": {"name": "polyline", "all_points_x": [1137, 1018, 1037, 1094, 1284, 1658, 1773, 1858, 1885, 1585, 1513, 1433, 1257, 1195, 1162, 1170, 1170, 1127], "all_points_y": [536, 458, 400, 203, 120, 127, 222, 403, 520, 571, 425, 341, 361, 396, 512, 552, 569, 530]}, "region_attributes": {"name": "smoke\n"}}, {"shape_attributes": {"name": "rect", "x": 969, "y": 95, "width": 920, "height": 501}, "region_attributes": {"name": "bounding box\n"}}], "file_attributes": {}}]