[{"filename": "30.jpg", "size": 152506, "regions": [{"shape_attributes": {"name": "polyline", "all_points_x": [881, 783, 622, 578, 558, 550, 616, 668, 747, 790, 825, 866, 912, 939, 963, 924, 905, 875], "all_points_y": [546, 486, 354, 303, 212, 163, 152, 198, 274, 287, 337, 395, 439, 479, 508, 537, 550, 546]}, "region_attributes": {"name": "smoke\n"}}, {"shape_attributes": {"name": "rect", "x": 468, "y": 122, "width": 524, "height": 444}, "region_attributes": {"name": "bounding box\n"}}, {"shape_attributes": {"name": "polyline", "all_points_x": [29, 259, 521, 566, 861, 1131, 1474, 1616, 1729, 1814, 1814, 2, 3, 27], "all_points_y": [49, 139, 183, 145, 172, 191, 219, 175, 165, 128, 994, 995, 43, 47]}, "region_attributes": {"name": "land\n"}}, {"shape_attributes": {"name": "polyline", "all_points_x": [1811, 1808, 1465, 861, 572, 515, 8, 1540, 1812], "all_points_y": [2, 122, 210, 165, 139, 174, 37, 5, 8]}, "region_attributes": {"name": "sky\n"}}], "file_attributes": {}}]