[{"filename": "303.jpg", "size": 101420, "regions": [{"shape_attributes": {"name": "polyline", "all_points_x": [15, 167, 375, 732, 995, 1422, 1606, 1826, 1917, 1918, 1672, 1461, 1405, 1206, 1137, 935, 817, 732, 692, 609, 447, 326, 115, 5, 7], "all_points_y": [565, 580, 611, 601, 597, 574, 545, 587, 633, 680, 702, 704, 731, 712, 732, 734, 725, 749, 715, 749, 734, 705, 690, 688, 569]}, "region_attributes": {"name": "smoke\n"}}, {"shape_attributes": {"name": "rect", "x": 15, "y": 432, "width": 1898, "height": 386}, "region_attributes": {"name": "bbox\n"}}], "file_attributes": {}}]