[{"filename": "305.jpg", "size": 112472, "regions": [{"shape_attributes": {"name": "polyline", "all_points_x": [1200, 1205, 1004, 1085, 1189, 1436, 1660, 1817, 1817, 1832, 1819, 1712, 1660, 1640, 1623, 1394, 1368, 1356, 1218, 1201], "all_points_y": [749, 668, 607, 548, 518, 550, 547, 585, 680, 690, 704, 704, 704, 734, 673, 736, 761, 714, 731, 754]}, "region_attributes": {"name": "smoke\n"}}, {"shape_attributes": {"name": "rect", "x": 958, "y": 476, "width": 926, "height": 289}, "region_attributes": {"name": "bbox\n"}}], "file_attributes": {}}]