[{"filename": "307.jpg", "size": 107327, "regions": [{"shape_attributes": {"name": "polyline", "all_points_x": [1908, 1859, 1711, 1652, 1503, 1353, 1302, 1171, 1076, 947, 820, 650, 489, 324, 270, 189, 118, 2, 7, 162, 305, 422, 641, 938, 1220, 1473, 1726, 1745, 1918, 1907], "all_points_y": [545, 486, 526, 496, 531, 533, 504, 506, 459, 498, 439, 469, 358, 405, 445, 445, 486, 479, 695, 693, 697, 725, 752, 749, 747, 756, 709, 692, 682, 542]}, "region_attributes": {"name": "smoke\n"}}, {"shape_attributes": {"name": "rect", "x": 10, "y": 305, "width": 1903, "height": 511}, "region_attributes": {"name": "bbox\n"}}], "file_attributes": {}}]