[{"filename": "308.jpg", "size": 112852, "regions": [{"shape_attributes": {"name": "polyline", "all_points_x": [1918, 1859, 1704, 1660, 1616, 1596, 1552, 1522, 1286, 1191, 1054, 908, 747, 714, 518, 503, 361, 221, 314, 322, 235, 169, 5, 10, 258, 435, 710, 1117, 1495, 1766, 1917, 1913], "all_points_y": [516, 459, 518, 496, 499, 450, 442, 472, 493, 405, 435, 479, 437, 400, 375, 358, 376, 307, 268, 202, 148, 148, 211, 693, 698, 727, 744, 756, 763, 704, 752, 518]}, "region_attributes": {"name": "smoke\n"}}, {"shape_attributes": {"name": "rect", "x": 15, "y": 101, "width": 1898, "height": 671}, "region_attributes": {"name": "bbox\n"}}], "file_attributes": {}}]