[{"filename": "31.jpg", "size": 209366, "regions": [{"shape_attributes": {"name": "polyline", "all_points_x": [6, 146, 245, 353, 446, 512, 617, 744, 830, 872, 998, 1139, 969, 918, 820, 790, 710, 659, 646, 558, 437, 301, 187, 8, 8], "all_points_y": [446, 451, 475, 488, 513, 537, 537, 561, 595, 589, 608, 608, 552, 512, 475, 411, 462, 293, 280, 323, 218, 181, 213, 238, 446]}, "region_attributes": {"name": "smoke\n"}}, {"shape_attributes": {"name": "rect", "x": 3, "y": 77, "width": 1318, "height": 549}, "region_attributes": {"name": "bounding box\n"}}], "file_attributes": {}}]