[{"filename": "311.jpg", "size": 209166, "regions": [{"shape_attributes": {"name": "polyline", "all_points_x": [321, 425, 502, 603, 683, 721, 781, 841, 909, 920, 988, 1085, 800, 598, 542, 380, 259, 247, 280, 324], "all_points_y": [474, 461, 504, 497, 563, 509, 529, 586, 548, 506, 538, 372, 110, 145, 165, 336, 395, 415, 451, 476]}, "region_attributes": {"name": "smoke\n"}}, {"shape_attributes": {"name": "rect", "x": 235, "y": 102, "width": 914, "height": 504}, "region_attributes": {"name": "bbox\n"}}], "file_attributes": {}}]