[{"filename": "312.jpg", "size": 219184, "regions": [{"shape_attributes": {"name": "polyline", "all_points_x": [1080, 1143, 1329, 1314, 1013, 945, 904, 753, 748, 571, 440, 451, 525, 583, 650, 667, 713, 771, 785, 858, 922, 1039, 1077], "all_points_y": [547, 412, 324, 250, 338, 329, 235, 275, 143, 143, 453, 515, 515, 489, 529, 553, 499, 506, 553, 568, 502, 553, 552]}, "region_attributes": {"name": "smoke\n"}}, {"shape_attributes": {"name": "rect", "x": 349, "y": 122, "width": 1028, "height": 468}, "region_attributes": {"name": "bbox\n"}}], "file_attributes": {}}]