[{"filename": "313.jpg", "size": 207912, "regions": [{"shape_attributes": {"name": "polyline", "all_points_x": [319, 451, 466, 550, 594, 667, 703, 726, 746, 800, 881, 930, 1006, 1215, 1169, 851, 759, 374, 234, 352, 377, 315], "all_points_y": [471, 466, 502, 510, 484, 538, 538, 504, 504, 543, 578, 494, 530, 310, 183, 273, 2, 7, 296, 336, 443, 473]}, "region_attributes": {"name": "smoke\n"}}, {"shape_attributes": {"name": "rect", "x": 227, "y": 13, "width": 1028, "height": 580}, "region_attributes": {"name": "bbox\n"}}], "file_attributes": {}}]