[{"filename": "315.jpg", "size": 196708, "regions": [{"shape_attributes": {"name": "polyline", "all_points_x": [135, 181, 82, 700, 983, 1013, 774, 721, 734, 667, 611, 576, 530, 463, 418, 382, 361, 313, 235, 240, 132], "all_points_y": [461, 341, 3, 5, 3, 94, 267, 315, 499, 553, 504, 492, 519, 514, 463, 468, 507, 463, 510, 529, 461]}, "region_attributes": {"name": "smoke\n"}}, {"shape_attributes": {"name": "rect", "x": 30, "y": 7, "width": 1034, "height": 573}, "region_attributes": {"name": "bbox\n"}}], "file_attributes": {}}]