[{"filename": "316.jpg", "size": 180341, "regions": [{"shape_attributes": {"name": "polyline", "all_points_x": [501, 599, 234, 1311, 1393, 1490, 1357, 1171, 1083, 962, 925, 866, 800, 748, 682, 616, 492], "all_points_y": [502, 303, 16, 7, 181, 400, 614, 614, 557, 507, 507, 570, 560, 497, 553, 497, 506]}, "region_attributes": {"name": "smoke\n"}}, {"shape_attributes": {"name": "rect", "x": 148, "y": 3, "width": 1419, "height": 631}, "region_attributes": {"name": "bbox\n"}}], "file_attributes": {}}]