[{"filename": "317.jpg", "size": 173204, "regions": [{"shape_attributes": {"name": "polyline", "all_points_x": [344, 491, 563, 604, 665, 721, 767, 838, 881, 925, 958, 1023, 1021, 1083, 1219, 1502, 1424, 347], "all_points_y": [15, 188, 395, 504, 548, 499, 540, 575, 545, 494, 514, 550, 601, 558, 599, 558, 2, 15]}, "region_attributes": {"name": "smoke\n"}}, {"shape_attributes": {"name": "rect", "x": 263, "y": 0, "width": 1342, "height": 614}, "region_attributes": {"name": "bbox\n"}}], "file_attributes": {}}]