[{"filename": "318.jpg", "size": 167609, "regions": [{"shape_attributes": {"name": "polyline", "all_points_x": [338, 591, 683, 660, 754, 820, 863, 879, 912, 975, 1021, 1029, 1051, 1079, 1182, 1439, 1601, 1645, 1454, 339], "all_points_y": [5, 295, 484, 534, 507, 557, 566, 553, 499, 512, 547, 586, 590, 558, 606, 606, 398, 301, 5, 7]}, "region_attributes": {"name": "smoke\n"}}, {"shape_attributes": {"name": "rect", "x": 280, "y": 5, "width": 1393, "height": 629}, "region_attributes": {"name": "bbox\n"}}], "file_attributes": {}}]