[{"filename": "319.jpg", "size": 168074, "regions": [{"shape_attributes": {"name": "polyline", "all_points_x": [250, 306, 570, 682, 731, 1044, 1288, 1149, 1215, 1215, 1154, 1083, 1042, 1026, 996, 912, 886, 840, 741, 718, 683, 598, 530, 433, 433, 382, 338, 247], "all_points_y": [499, 321, 310, 359, 445, 199, 290, 459, 596, 608, 613, 552, 599, 599, 515, 501, 557, 590, 506, 502, 563, 494, 514, 514, 469, 456, 474, 506]}, "region_attributes": {"name": "smoke\n"}}, {"shape_attributes": {"name": "rect", "x": 191, "y": 156, "width": 1242, "height": 499}, "region_attributes": {"name": "bbox\n"}}], "file_attributes": {}}]