[{"filename": "32.jpg", "size": 239578, "regions": [{"shape_attributes": {"name": "polyline", "all_points_x": [1051, 788, 700, 673, 507, 505, 365, 328, 288, 154, 123, 115, 417, 464, 1247, 1190, 1084, 912, 822, 758, 782, 851, 972, 1049, 1044], "all_points_y": [613, 598, 593, 565, 544, 486, 448, 377, 251, 230, 218, 123, 80, 0, 2, 139, 237, 293, 353, 409, 456, 509, 566, 608, 608]}, "region_attributes": {"name": "smoke\n"}}, {"shape_attributes": {"name": "rect", "x": 58, "y": 5, "width": 1363, "height": 621}, "region_attributes": {"name": "bounding box\n"}}], "file_attributes": {}}]