[{"filename": "325.jpg", "size": 209331, "regions": [{"shape_attributes": {"name": "polyline", "all_points_x": [1299, 1202, 1128, 1079, 1056, 1023, 1032, 922, 863, 721, 734, 820, 871, 963, 1009, 1037, 1121, 1245, 1291], "all_points_y": [573, 537, 538, 527, 491, 515, 555, 534, 473, 461, 501, 520, 558, 568, 568, 558, 590, 585, 571]}, "region_attributes": {"name": "smoke\n"}}, {"shape_attributes": {"name": "rect", "x": 692, "y": 450, "width": 669, "height": 151}, "region_attributes": {"name": "bbox\n"}}], "file_attributes": {}}]