[{"filename": "33.jpg", "size": 219100, "regions": [{"shape_attributes": {"name": "polyline", "all_points_x": [763, 768, 692, 694, 609, 569, 534, 531, 645, 720, 822, 872, 956, 985, 1025, 1059, 1110, 1129, 1187, 1262, 1302, 1305, 1159, 1059, 1072, 1012, 988, 761, 761], "all_points_y": [579, 523, 438, 365, 272, 221, 198, 139, 86, 0, 72, 125, 109, 144, 226, 280, 369, 408, 357, 395, 449, 486, 520, 550, 593, 582, 576, 593, 576]}, "region_attributes": {"name": "smoke\n"}}, {"shape_attributes": {"name": "rect", "x": 445, "y": 0, "width": 870, "height": 617}, "region_attributes": {"name": "bounding box\n"}}], "file_attributes": {}}]