[{"filename": "331.jpg", "size": 221875, "regions": [{"shape_attributes": {"name": "polyline", "all_points_x": [1197, 1263, 1136, 1093, 1075, 1013, 955, 958, 919, 906, 869, 776, 601, 557, 497, 573, 277, 148, 105, 46, 2, 12, 74, 16, 122, 196, 721, 907, 860, 967, 1011, 1103, 1144, 1144, 1182, 1200], "all_points_y": [585, 534, 395, 412, 356, 336, 369, 415, 398, 352, 329, 362, 303, 372, 385, 436, 453, 349, 336, 362, 338, 422, 441, 515, 525, 481, 522, 519, 568, 568, 501, 527, 530, 593, 593, 580]}, "region_attributes": {"name": "smoke\n"}}, {"shape_attributes": {"name": "rect", "x": 5, "y": 270, "width": 1279, "height": 334}, "region_attributes": {"name": "bbox\n"}}], "file_attributes": {}}]