[{"filename": "332.jpg", "size": 229078, "regions": [{"shape_attributes": {"name": "polyline", "all_points_x": [1306, 1204, 1146, 1056, 1029, 998, 996, 891, 848, 807, 797, 733, 716, 557, 507, 423, 267, 203, 109, 10, 13, 178, 510, 813, 843, 843, 1004, 1042, 1149, 1309], "all_points_y": [581, 486, 438, 454, 415, 408, 450, 417, 402, 403, 425, 422, 347, 349, 364, 415, 454, 403, 356, 390, 507, 519, 501, 537, 563, 568, 571, 565, 590, 586]}, "region_attributes": {"name": "smoke\n"}}, {"shape_attributes": {"name": "rect", "x": 10, "y": 331, "width": 1335, "height": 262}, "region_attributes": {"name": "bbox\n"}}], "file_attributes": {}}]