[{"filename": "34.jpg", "size": 239138, "regions": [{"shape_attributes": {"name": "polyline", "all_points_x": [776, 675, 509, 374, 78, 429, 764, 777, 774, 1024, 1110, 1116, 1132, 1199, 1222, 1276, 1305, 1129, 992, 963, 1024, 985, 772], "all_points_y": [659, 629, 649, 377, 288, 6, 0, 114, 267, 230, 256, 360, 406, 429, 454, 465, 501, 539, 584, 603, 627, 653, 659]}, "region_attributes": {"name": "smoke\n"}}, {"shape_attributes": {"name": "rect", "x": 64, "y": 3, "width": 1315, "height": 672}, "region_attributes": {"name": "bounding box\n"}}], "file_attributes": {}}]