[{"filename": "340.jpg", "size": 289049, "regions": [{"shape_attributes": {"name": "polyline", "all_points_x": [881, 1110, 1341, 1535, 1657, 1760, 1770, 1837, 1866, 1900, 1917, 1915, 1665, 1653, 1604, 1294, 943, 884], "all_points_y": [402, 364, 202, 216, 142, 83, 120, 120, 67, 74, 94, 390, 388, 408, 440, 442, 417, 398]}, "region_attributes": {"name": "smoke\n"}}, {"shape_attributes": {"name": "rect", "x": 859, "y": 29, "width": 1056, "height": 464}, "region_attributes": {"name": "bbox\n"}}], "file_attributes": {}}]