[{"filename": "341.jpg", "size": 299043, "regions": [{"shape_attributes": {"name": "polyline", "all_points_x": [1029, 1243, 1309, 1318, 1394, 1475, 1505, 1557, 1515, 1643, 1653, 1738, 1765, 1765, 1856, 1853, 1913, 1912, 1820, 1643, 1502, 1313, 1033], "all_points_y": [405, 383, 361, 228, 177, 142, 140, 196, 364, 253, 115, 0, 10, 116, 108, 0, 0, 255, 405, 429, 437, 439, 407]}, "region_attributes": {"name": "smoke\n"}}, {"shape_attributes": {"name": "rect", "x": 980, "y": 7, "width": 933, "height": 452}, "region_attributes": {"name": "bbox\n"}}], "file_attributes": {}}]