[{"filename": "342.jpg", "size": 208532, "regions": [{"shape_attributes": {"name": "polyline", "all_points_x": [201, 361, 795, 1171, 1247, 1299, 1522, 1564, 1591, 1773, 1764, 1844, 1849, 1915, 1913, 1577, 1172, 1110, 692, 650, 267, 201], "all_points_y": [548, 367, 385, 268, 329, 183, 138, 150, 5, 7, 127, 120, 0, 0, 400, 417, 530, 566, 566, 573, 557, 548]}, "region_attributes": {"name": "smoke\n"}}, {"shape_attributes": {"name": "rect", "x": 110, "y": 7, "width": 1805, "height": 573}, "region_attributes": {"name": "bbox\n"}}], "file_attributes": {}}]