[{"filename": "343.jpg", "size": 186562, "regions": [{"shape_attributes": {"name": "polyline", "all_points_x": [98, 88, 133, 434, 589, 860, 914, 835, 921, 1004, 1102, 1137, 1292, 1483, 1606, 1630, 1912, 1912, 1495, 1103, 867, 511, 229, 91], "all_points_y": [538, 513, 510, 425, 346, 412, 393, 331, 248, 270, 280, 290, 283, 174, 196, 226, 84, 405, 427, 552, 555, 555, 552, 538]}, "region_attributes": {"name": "smoke\n"}}, {"shape_attributes": {"name": "rect", "x": 32, "y": 17, "width": 1886, "height": 580}, "region_attributes": {"name": "bbox\n"}}], "file_attributes": {}}]