[{"filename": "344.jpg", "size": 215341, "regions": [{"shape_attributes": {"name": "polyline", "all_points_x": [152, 159, 715, 968, 1205, 1210, 1373, 1444, 1603, 1643, 1770, 1859, 1918, 1913, 1485, 1114, 585, 145], "all_points_y": [545, 520, 356, 452, 358, 233, 182, 236, 155, 214, 172, 120, 128, 390, 434, 562, 567, 547]}, "region_attributes": {"name": "smoke\n"}}, {"shape_attributes": {"name": "rect", "x": 130, "y": 86, "width": 1783, "height": 555}, "region_attributes": {"name": "bbox\n"}}], "file_attributes": {}}]