[{"filename": "355.jpg", "size": 234131, "regions": [{"shape_attributes": {"name": "polyline", "all_points_x": [1176, 1215, 1079, 985, 950, 939, 835, 807, 781, 711, 660, 734, 423, 311, 321, 566, 848, 863, 985, 1049, 1107, 1176], "all_points_y": [594, 482, 408, 375, 382, 436, 438, 354, 336, 316, 382, 454, 441, 454, 492, 534, 537, 562, 571, 560, 585, 598]}, "region_attributes": {"name": "smoke\n"}}, {"shape_attributes": {"name": "rect", "x": 234, "y": 305, "width": 1133, "height": 324}, "region_attributes": {"name": "bbox\n"}}], "file_attributes": {}}]