[{"filename": "359.jpg", "size": 149757, "regions": [{"shape_attributes": {"name": "polyline", "all_points_x": [1247, 1191, 1107, 1083, 839, 658, 516, 388, 543, 496, 216, 12, 7, 260, 246, 663, 950, 1090, 1205, 1249], "all_points_y": [756, 506, 459, 358, 179, 67, 27, 150, 226, 290, 300, 353, 437, 444, 682, 693, 727, 742, 763, 752]}, "region_attributes": {"name": "smoke\n"}}, {"shape_attributes": {"name": "rect", "x": 2, "y": 25, "width": 1279, "height": 812}, "region_attributes": {"name": "bbox\n"}}, {"shape_attributes": {"name": "polyline", "all_points_x": [1778, 1756, 1684, 1490, 1421, 1358, 1596, 1714, 1777], "all_points_y": [725, 661, 655, 516, 604, 709, 727, 737, 722]}, "region_attributes": {"name": "smoke\n"}}, {"shape_attributes": {"name": "rect", "x": 1346, "y": 493, "width": 450, "height": 282}, "region_attributes": {"name": "bbox\n"}}], "file_attributes": {}}]