[{"filename": "36.jpg", "size": 121367, "regions": [{"shape_attributes": {"name": "polyline", "all_points_x": [923, 896, 936, 972, 998, 1097, 1124, 1153, 1148, 1187, 1195, 1164, 1172, 1171, 1056, 1001, 982, 916], "all_points_y": [521, 483, 403, 390, 413, 361, 320, 326, 377, 361, 393, 440, 499, 542, 566, 563, 517, 521]}, "region_attributes": {"name": "smoke\n"}}, {"shape_attributes": {"name": "rect", "x": 862, "y": 312, "width": 363, "height": 277}, "region_attributes": {"name": "bounding box\n"}}], "file_attributes": {}}]