[{"filename": "360.jpg", "size": 138288, "regions": [{"shape_attributes": {"name": "polyline", "all_points_x": [952, 965, 859, 778, 644, 624, 513, 459, 403, 280, 236, 8, 2, 8, 820, 847, 827, 793, 827, 887, 1022, 1088, 1151, 1107, 1044, 1156, 1498, 1748, 948], "all_points_y": [744, 602, 548, 437, 413, 378, 368, 342, 400, 403, 368, 412, 108, 10, 2, 54, 181, 213, 256, 192, 272, 337, 410, 444, 477, 567, 496, 729, 739]}, "region_attributes": {"name": "smoke\n"}}, {"shape_attributes": {"name": "rect", "x": 8, "y": 0, "width": 1785, "height": 768}, "region_attributes": {"name": "bbox\n"}}], "file_attributes": {}}]