[{"filename": "361.jpg", "size": 145636, "regions": [{"shape_attributes": {"name": "polyline", "all_points_x": [1004, 1002, 729, 530, 408, 246, 172, 155, 94, 13, 7, 253, 337, 337, 258, 336, 543, 779, 1171, 1228, 1245, 1171, 1631, 1763, 1292, 1181, 1007], "all_points_y": [742, 639, 585, 488, 417, 354, 368, 319, 289, 317, 12, 12, 56, 106, 98, 167, 263, 358, 393, 412, 450, 469, 584, 736, 731, 810, 747]}, "region_attributes": {"name": "smoke\n"}}, {"shape_attributes": {"name": "rect", "x": 8, "y": 17, "width": 1765, "height": 788}, "region_attributes": {"name": "bbox\n"}}], "file_attributes": {}}]