[{"filename": "362.jpg", "size": 141543, "regions": [{"shape_attributes": {"name": "polyline", "all_points_x": [1745, 1706, 1515, 1269, 1210, 1130, 1017, 847, 567, 562, 393, 211, 88, 7, 3, 267, 240, 423, 658, 783, 1060, 1114, 1168, 1277, 1554, 1709, 1745], "all_points_y": [722, 634, 545, 513, 464, 476, 364, 246, 251, 290, 272, 191, 202, 143, 437, 452, 636, 592, 644, 594, 682, 742, 786, 732, 736, 749, 720]}, "region_attributes": {"name": "smoke\n"}}, {"shape_attributes": {"name": "rect", "x": 3, "y": 40, "width": 1788, "height": 759}, "region_attributes": {"name": "bbox\n"}}], "file_attributes": {}}]