[{"filename": "363.jpg", "size": 139623, "regions": [{"shape_attributes": {"name": "polyline", "all_points_x": [1785, 1680, 1480, 1254, 1223, 1043, 1026, 773, 496, 402, 84, 5, 8, 255, 245, 555, 957, 1014, 1200, 1400, 1621, 1723, 1780], "all_points_y": [722, 621, 548, 513, 422, 331, 388, 326, 214, 250, 221, 405, 432, 444, 601, 623, 704, 744, 754, 712, 715, 742, 719]}, "region_attributes": {"name": "smoke\n"}}, {"shape_attributes": {"name": "rect", "x": 5, "y": 132, "width": 1888, "height": 646}, "region_attributes": {"name": "bbox\n"}}], "file_attributes": {}}]