[{"filename": "364.jpg", "size": 142032, "regions": [{"shape_attributes": {"name": "polyline", "all_points_x": [644, 911, 1188, 1314, 1576, 1831, 1807, 1839, 1503, 1313, 1308, 1365, 1103, 609, 612, 361, 2, 3, 253, 258, 599, 651], "all_points_y": [739, 779, 783, 731, 719, 732, 572, 508, 408, 344, 376, 452, 499, 472, 373, 316, 236, 432, 445, 656, 656, 742]}, "region_attributes": {"name": "smoke\n"}}, {"shape_attributes": {"name": "rect", "x": 12, "y": 187, "width": 1883, "height": 599}, "region_attributes": {"name": "bbox\n"}}], "file_attributes": {}}]