[{"filename": "365.jpg", "size": 134668, "regions": [{"shape_attributes": {"name": "polyline", "all_points_x": [1820, 1748, 1620, 1508, 1422, 1326, 1117, 1075, 933, 678, 174, 7, 8, 245, 268, 248, 641, 737, 1060, 1151, 1331, 1586, 1817], "all_points_y": [715, 508, 371, 395, 364, 385, 351, 309, 263, 256, 175, 142, 437, 440, 445, 695, 742, 758, 759, 788, 709, 705, 712]}, "region_attributes": {"name": "smoke\n"}}, {"shape_attributes": {"name": "rect", "x": 3, "y": 142, "width": 1854, "height": 668}, "region_attributes": {"name": "bbox\n"}}], "file_attributes": {}}]