[{"filename": "366.jpg", "size": 132090, "regions": [{"shape_attributes": {"name": "polyline", "all_points_x": [246, 552, 763, 1070, 1144, 1346, 1527, 1684, 1859, 1842, 1599, 1407, 1007, 553, 498, 375, 8, 5, 267, 240, 255], "all_points_y": [700, 731, 749, 751, 796, 722, 709, 727, 719, 597, 547, 471, 391, 391, 417, 342, 300, 439, 450, 690, 697]}, "region_attributes": {"name": "smoke\n"}}, {"shape_attributes": {"name": "rect", "x": 15, "y": 275, "width": 1896, "height": 533}, "region_attributes": {"name": "bbox\n"}}], "file_attributes": {}}]