[{"filename": "367.jpg", "size": 142929, "regions": [{"shape_attributes": {"name": "polyline", "all_points_x": [22, 255, 240, 764, 871, 871, 1036, 1124, 1274, 1291, 1448, 1623, 1562, 1847, 1900, 1913, 1662, 1272, 523, 186, 5, 7, 30], "all_points_y": [437, 449, 680, 700, 722, 756, 736, 791, 788, 709, 717, 746, 688, 717, 719, 501, 434, 445, 304, 256, 182, 432, 444]}, "region_attributes": {"name": "smoke\n"}}, {"shape_attributes": {"name": "rect", "x": 0, "y": 174, "width": 1917, "height": 626}, "region_attributes": {"name": "bbox\n"}}], "file_attributes": {}}]