[{"filename": "368.jpg", "size": 126738, "regions": [{"shape_attributes": {"name": "polyline", "all_points_x": [548, 481, 418, 213, 251, 346, 496, 705, 874, 1076, 1139, 1169, 1046, 889, 769, 769, 545], "all_points_y": [690, 648, 633, 653, 574, 553, 518, 508, 493, 525, 540, 631, 587, 587, 616, 673, 688]}, "region_attributes": {"name": "smoke\n"}}, {"shape_attributes": {"name": "rect", "x": 154, "y": 434, "width": 1076, "height": 300}, "region_attributes": {"name": "bbox\n"}}], "file_attributes": {}}]