[{"filename": "369.jpg", "size": 139643, "regions": [{"shape_attributes": {"name": "polyline", "all_points_x": [530, 451, 486, 538, 603, 629, 690, 649, 720, 827, 935, 1118, 1154, 1004, 840, 781, 766, 598, 524], "all_points_y": [690, 639, 501, 492, 520, 619, 619, 540, 464, 469, 534, 520, 619, 580, 593, 632, 685, 698, 688]}, "region_attributes": {"name": "smoke\n"}}, {"shape_attributes": {"name": "rect", "x": 352, "y": 400, "width": 927, "height": 343}, "region_attributes": {"name": "bbox\n"}}], "file_attributes": {}}]