[{"filename": "370.jpg", "size": 138784, "regions": [{"shape_attributes": {"name": "polyline", "all_points_x": [25, 273, 397, 417, 665, 660, 734, 879, 1064, 1082, 1097, 1217, 1355, 1388, 1629, 1831, 1907, 1904, 1614, 1502, 1344, 1105, 998, 911, 815, 701, 647, 530, 293, 3, 8, 41], "all_points_y": [688, 711, 731, 764, 731, 789, 820, 810, 739, 723, 708, 693, 753, 731, 716, 731, 729, 581, 525, 436, 397, 514, 435, 422, 369, 413, 356, 336, 336, 308, 680, 697]}, "region_attributes": {"name": "smoke\n"}}, {"shape_attributes": {"name": "rect", "x": 3, "y": 313, "width": 1913, "height": 517}, "region_attributes": {"name": "bbox\n"}}], "file_attributes": {}}]