[{"filename": "371.jpg", "size": 138135, "regions": [{"shape_attributes": {"name": "polyline", "all_points_x": [671, 639, 342, 209, 98, 8, 8, 186, 240, 398, 591, 698, 833, 921, 1007, 1065, 1103, 1103, 1060, 941, 751, 670], "all_points_y": [776, 734, 756, 758, 732, 741, 385, 398, 427, 412, 346, 366, 353, 403, 444, 516, 587, 682, 734, 790, 817, 776]}, "region_attributes": {"name": "smoke\n"}}, {"shape_attributes": {"name": "rect", "x": 2, "y": 305, "width": 1173, "height": 535}, "region_attributes": {"name": "bbox\n"}}], "file_attributes": {}}]