[{"filename": "372.jpg", "size": 141482, "regions": [{"shape_attributes": {"name": "polyline", "all_points_x": [1008, 1131, 1044, 985, 729, 520, 173, 10, 16, 361, 377, 591, 664, 639, 721, 902, 1018], "all_points_y": [757, 698, 557, 473, 479, 398, 415, 392, 695, 723, 774, 733, 734, 762, 810, 800, 757]}, "region_attributes": {"name": "smoke\n"}}, {"shape_attributes": {"name": "rect", "x": 10, "y": 349, "width": 1172, "height": 471}, "region_attributes": {"name": "bbox\n"}}], "file_attributes": {}}]