[{"filename": "375.jpg", "size": 147598, "regions": [{"shape_attributes": {"name": "polyline", "all_points_x": [359, 361, 10, 15, 537, 734, 945, 855, 728, 636, 514, 450, 430, 351], "all_points_y": [701, 670, 637, 469, 464, 478, 525, 632, 698, 739, 731, 710, 685, 705]}, "region_attributes": {"name": "smoke\n"}}, {"shape_attributes": {"name": "polyline", "all_points_x": [1021, 945, 868, 1011, 1026, 1024], "all_points_y": [669, 535, 641, 687, 680, 670]}, "region_attributes": {"name": "smoke\n"}}, {"shape_attributes": {"name": "rect", "x": 7, "y": 343, "width": 1107, "height": 430}, "region_attributes": {"name": "bbox\n\n"}}], "file_attributes": {}}]