[{"filename": "376.jpg", "size": 144235, "regions": [{"shape_attributes": {"name": "polyline", "all_points_x": [7, 249, 362, 471, 613, 743, 1100, 1291, 1352, 1352, 1098, 998, 884, 744, 687, 636, 538, 438, 461, 282, 145, 8, 3], "all_points_y": [448, 484, 441, 482, 468, 491, 484, 573, 662, 677, 664, 692, 645, 695, 713, 698, 746, 715, 672, 698, 700, 672, 450]}, "region_attributes": {"name": "smoke\n"}}, {"shape_attributes": {"name": "rect", "x": 5, "y": 420, "width": 1434, "height": 339}, "region_attributes": {"name": "bbox\n"}}], "file_attributes": {}}]