[{"filename": "377.jpg", "size": 145326, "regions": [{"shape_attributes": {"name": "polyline", "all_points_x": [16, 422, 599, 853, 1016, 1172, 1268, 1349, 1349, 1204, 1013, 985, 1014, 919, 886, 860, 669, 504, 405, 247, 224, 89, 3, 10], "all_points_y": [468, 489, 486, 512, 547, 553, 590, 667, 672, 662, 659, 664, 683, 662, 655, 639, 739, 741, 693, 706, 687, 698, 678, 469]}, "region_attributes": {"name": "smoke\n"}}, {"shape_attributes": {"name": "rect", "x": 3, "y": 443, "width": 1429, "height": 315}, "region_attributes": {"name": "bbox\n"}}], "file_attributes": {}}]