[{"filename": "378.jpg", "size": 144311, "regions": [{"shape_attributes": {"name": "polyline", "all_points_x": [1467, 1332, 1207, 1090, 781, 718, 629, 576, 534, 458, 287, 412, 407, 26, 5, 16, 319, 484, 599, 626, 759, 832, 873, 973, 1026, 1237, 1426, 1489, 1459], "all_points_y": [637, 586, 537, 557, 487, 438, 413, 435, 440, 392, 435, 481, 507, 478, 474, 670, 692, 677, 669, 738, 683, 645, 649, 687, 672, 662, 659, 657, 631]}, "region_attributes": {"name": "smoke\n"}}, {"shape_attributes": {"name": "rect", "x": 0, "y": 310, "width": 1536, "height": 454}, "region_attributes": {"name": "bbox\n"}}], "file_attributes": {}}]