[{"filename": "381.jpg", "size": 401874, "regions": [{"shape_attributes": {"name": "polyline", "all_points_x": [951, 996, 1035, 1094, 1037, 1119, 1119, 1194, 1183, 1275, 1310, 1311, 1448, 1467, 1506, 1773, 1792, 1780, 1310, 1227, 1102, 1021, 948, 948], "all_points_y": [553, 484, 393, 371, 287, 254, 214, 198, 87, 35, 35, 71, 89, 135, 190, 124, 281, 338, 414, 495, 499, 564, 566, 549]}, "region_attributes": {"name": "smoke\n"}}, {"shape_attributes": {"name": "rect", "x": 878, "y": 8, "width": 977, "height": 579}, "region_attributes": {"name": "bbox\n"}}], "file_attributes": {}}]