[{"filename": "382.jpg", "size": 111236, "regions": [{"shape_attributes": {"name": "polyline", "all_points_x": [1176, 1056, 1032, 986, 958, 867, 834, 736, 200, 11, 6, 257, 263, 403, 422, 761, 1031, 1105, 1176, 1170], "all_points_y": [558, 514, 517, 447, 441, 469, 514, 550, 514, 485, 544, 569, 596, 585, 569, 595, 614, 610, 609, 549]}, "region_attributes": {"name": "smoke\n"}}, {"shape_attributes": {"name": "polyline", "all_points_x": [625, 582, 495, 349, 308, 212, 22, 10, 230, 336, 415, 425, 472, 457, 498, 498, 555, 606, 641, 620], "all_points_y": [439, 422, 460, 431, 385, 439, 420, 342, 274, 311, 350, 314, 342, 376, 387, 354, 361, 407, 426, 446]}, "region_attributes": {"name": "smoke\n"}}, {"shape_attributes": {"name": "rect", "x": 5, "y": 224, "width": 694, "height": 246}, "region_attributes": {"name": "bbox\n"}}, {"shape_attributes": {"name": "rect", "x": 0, "y": 428, "width": 1216, "height": 270}, "region_attributes": {"name": "bbox\n"}}], "file_attributes": {}}]