[{"filename": "383.jpg", "size": 109401, "regions": [{"shape_attributes": {"name": "polyline", "all_points_x": [875, 847, 901, 799, 725, 602, 484, 314, 257, 3, 8, 98, 141, 216, 270, 341, 377, 449, 583, 701, 766, 812, 883], "all_points_y": [553, 480, 395, 316, 400, 287, 268, 197, 251, 255, 498, 488, 453, 479, 514, 509, 477, 514, 485, 480, 490, 533, 553]}, "region_attributes": {"name": "smoke\n"}}, {"shape_attributes": {"name": "rect", "x": 6, "y": 154, "width": 967, "height": 463}, "region_attributes": {"name": "bbox\n"}}], "file_attributes": {}}]