[{"filename": "384.jpg", "size": 397188, "regions": [{"shape_attributes": {"name": "polyline", "all_points_x": [954, 972, 1005, 985, 1012, 999, 1067, 1124, 1113, 1289, 1259, 1291, 1619, 1627, 1443, 1329, 1233, 1170, 1099, 1067, 983, 948], "all_points_y": [560, 523, 504, 465, 434, 401, 339, 309, 170, 103, 63, 13, 8, 146, 200, 308, 363, 453, 479, 545, 568, 555]}, "region_attributes": {"name": "smoke\n"}}, {"shape_attributes": {"name": "rect", "x": 823, "y": 3, "width": 818, "height": 580}, "region_attributes": {"name": "bbox\n"}}], "file_attributes": {}}]