[{"filename": "385.jpg", "size": 408827, "regions": [{"shape_attributes": {"name": "polyline", "all_points_x": [954, 953, 1070, 1041, 1038, 1085, 1096, 1062, 1054, 1097, 1147, 1179, 1183, 1269, 1292, 1338, 1340, 1542, 1589, 1632, 1610, 1799, 1719, 1475, 1446, 1502, 1367, 1264, 1253, 1097, 951], "all_points_y": [562, 505, 435, 382, 358, 321, 259, 247, 182, 180, 228, 201, 162, 137, 180, 164, 61, 77, 3, 3, 104, 93, 243, 231, 260, 326, 357, 389, 477, 533, 566]}, "region_attributes": {"name": "smoke\n"}}, {"shape_attributes": {"name": "rect", "x": 856, "y": 11, "width": 940, "height": 558}, "region_attributes": {"name": "bbox\n"}}], "file_attributes": {}}]