[{"filename": "388.jpg", "size": 230425, "regions": [{"shape_attributes": {"name": "polyline", "all_points_x": [1333, 1302, 1191, 1142, 1077, 1050, 896, 872, 805, 713, 606, 189, 354, 493, 599, 653, 652, 648, 915, 1151, 1324, 1335], "all_points_y": [596, 544, 558, 503, 520, 433, 466, 385, 274, 187, 3, 2, 224, 355, 414, 520, 576, 585, 596, 601, 593, 593]}, "region_attributes": {"name": "smoke\n"}}, {"shape_attributes": {"name": "rect", "x": 138, "y": 2, "width": 1256, "height": 622}, "region_attributes": {"name": "bbox\n"}}], "file_attributes": {}}]