[{"filename": "389.jpg", "size": 235349, "regions": [{"shape_attributes": {"name": "polyline", "all_points_x": [842, 1211, 1202, 1110, 932, 882, 853, 767, 574, 381, 449, 556, 599, 729, 783, 815, 831, 734, 691, 777, 843], "all_points_y": [606, 612, 572, 525, 501, 404, 224, 136, 311, 431, 469, 507, 496, 382, 355, 450, 488, 455, 501, 558, 604]}, "region_attributes": {"name": "smoke\n"}}, {"shape_attributes": {"name": "rect", "x": 344, "y": 97, "width": 958, "height": 534}, "region_attributes": {"name": "bbox\n"}}], "file_attributes": {}}]