[{"filename": "392.jpg", "size": 237590, "regions": [{"shape_attributes": {"name": "polyline", "all_points_x": [1203, 771, 691, 628, 579, 607, 591, 482, 460, 333, 243, 3, 128, 531, 528, 539, 596, 679, 702, 726, 821, 864, 943, 981, 1189], "all_points_y": [609, 604, 541, 547, 503, 419, 358, 355, 311, 285, 323, 241, 8, 5, 122, 209, 230, 254, 349, 401, 407, 498, 522, 555, 604]}, "region_attributes": {"name": "smoke\n"}}, {"shape_attributes": {"name": "rect", "x": 5, "y": 6, "width": 1262, "height": 634}, "region_attributes": {"name": "bbox\n"}}], "file_attributes": {}}]