[{"filename": "4.jpg", "size": 142660, "regions": [{"shape_attributes": {"name": "polyline", "all_points_x": [922, 933, 978, 991, 972, 946, 924], "all_points_y": [431, 493, 477, 431, 400, 400, 431]}, "region_attributes": {"name": "smoke\n"}}, {"shape_attributes": {"name": "rect", "x": 895, "y": 386, "width": 130, "height": 119}, "region_attributes": {"name": "bounding box\n"}}, {"shape_attributes": {"name": "polyline", "all_points_x": [10, 5, 106, 286, 517, 707, 840, 898, 1048, 1200, 1309, 1469, 1607, 1740, 1827, 1912, 1914, 10], "all_points_y": [6, 429, 423, 443, 437, 424, 431, 443, 443, 429, 443, 466, 482, 482, 500, 484, 6, 6]}, "region_attributes": {"name": "sky\n"}}, {"shape_attributes": {"name": "polyline", "all_points_x": [3, 5, 1917, 1914, 1828, 1200, 1056, 790, 505, 101, 3], "all_points_y": [439, 1043, 1044, 488, 506, 434, 450, 437, 448, 440, 440]}, "region_attributes": {"name": "land\n"}}], "file_attributes": {}}]