[{"filename": "41.jpg", "size": 230811, "regions": [{"shape_attributes": {"name": "polyline", "all_points_x": [1185, 1056, 960, 867, 796, 724, 385, 142, 2, 3, 1089, 1084, 1177, 1219, 1171, 1238, 1313, 1351, 1369, 1404, 1353, 1390, 1391, 1340, 1350, 1212, 1180], "all_points_y": [684, 665, 544, 441, 427, 614, 683, 715, 681, 0, 3, 66, 144, 203, 277, 336, 313, 368, 409, 469, 521, 563, 574, 598, 617, 684, 684]}, "region_attributes": {"name": "smoke\n"}}, {"shape_attributes": {"name": "rect", "x": 5, "y": 5, "width": 1452, "height": 721}, "region_attributes": {"name": "bounding box\n"}}], "file_attributes": {}}]