[{"filename": "42.jpg", "size": 211804, "regions": [{"shape_attributes": {"name": "polyline", "all_points_x": [1223, 1046, 1008, 977, 931, 792, 737, 686, 315, 181, 64, 46, 46, 6, 6, 1145, 1102, 1247, 1291, 1315, 1321, 1321, 1268, 1281, 1219], "all_points_y": [465, 499, 505, 513, 521, 569, 595, 605, 739, 684, 560, 539, 432, 313, 8, 5, 86, 107, 67, 72, 202, 224, 210, 318, 467]}, "region_attributes": {"name": "smoke\n"}}, {"shape_attributes": {"name": "rect", "x": 6, "y": 6, "width": 1411, "height": 752}, "region_attributes": {"name": "bounding box\n\n"}}], "file_attributes": {}}]