[{"filename": "43.jpg", "size": 164409, "regions": [{"shape_attributes": {"name": "polyline", "all_points_x": [39, 120, 253, 322, 400, 479, 729, 786, 906, 973, 1130, 1191, 1097, 1164, 1196, 682, 518, 358, 219, 32], "all_points_y": [626, 523, 486, 400, 378, 275, 113, 236, 216, 250, 255, 294, 450, 491, 538, 633, 626, 624, 665, 628]}, "region_attributes": {"name": "smoke\n"}}, {"shape_attributes": {"name": "rect", "x": 25, "y": 101, "width": 1206, "height": 591}, "region_attributes": {"name": "bounding box\n"}}], "file_attributes": {}}]