[{"filename": "44.jpg", "size": 215742, "regions": [{"shape_attributes": {"name": "polyline", "all_points_x": [189, 265, 369, 388, 462, 481, 518, 537, 658, 705, 695, 763, 864, 1022, 984, 763, 626, 592, 550, 354, 201, 187], "all_points_y": [601, 533, 528, 479, 459, 477, 435, 391, 356, 329, 381, 388, 413, 449, 634, 628, 646, 639, 656, 623, 607, 601]}, "region_attributes": {"name": "smoke\n"}}, {"shape_attributes": {"name": "rect", "x": 159, "y": 321, "width": 908, "height": 351}, "region_attributes": {"name": "bounding box\n"}}], "file_attributes": {}}]