[{"filename": "45.jpg", "size": 236815, "regions": [{"shape_attributes": {"name": "polyline", "all_points_x": [300, 314, 307, 337, 390, 496, 508, 558, 580, 908, 957, 941, 857, 624, 604, 543, 427, 299], "all_points_y": [562, 499, 437, 418, 434, 391, 425, 427, 456, 440, 440, 472, 501, 516, 565, 572, 558, 565]}, "region_attributes": {"name": "smoke\n\n"}}, {"shape_attributes": {"name": "rect", "x": 258, "y": 378, "width": 751, "height": 202}, "region_attributes": {"name": "bounding box\n"}}], "file_attributes": {}}]