[{"filename": "48.jpg", "size": 182665, "regions": [{"shape_attributes": {"name": "polyline", "all_points_x": [1167, 1081, 995, 867, 675, 547, 425, 293, 85, 3, 3, 238, 349, 534, 792, 880, 963, 945, 1075, 1147, 1182, 1167], "all_points_y": [686, 688, 651, 649, 601, 581, 581, 592, 571, 587, 288, 265, 285, 302, 243, 299, 387, 493, 521, 595, 661, 684]}, "region_attributes": {"name": "smoke\n"}}, {"shape_attributes": {"name": "rect", "x": 3, "y": 160, "width": 1227, "height": 555}, "region_attributes": {"name": "bounding box\n"}}], "file_attributes": {}}]