[{"filename": "49.jpg", "size": 265318, "regions": [{"shape_attributes": {"name": "polyline", "all_points_x": [1193, 1078, 931, 835, 753, 614, 585, 566, 446, 219, 182, 82, 125, 315, 467, 534, 710, 814, 961, 992, 1193], "all_points_y": [529, 445, 401, 409, 333, 342, 347, 400, 408, 349, 398, 403, 561, 557, 565, 550, 566, 547, 552, 561, 529]}, "region_attributes": {"name": "smoke\n\n"}}, {"shape_attributes": {"name": "rect", "x": 64, "y": 280, "width": 1171, "height": 320}, "region_attributes": {"name": "bounding box\n"}}], "file_attributes": {}}]