[{"filename": "5.jpg", "size": 166463, "regions": [{"shape_attributes": {"name": "polyline", "all_points_x": [996, 901, 811, 686, 596, 496, 495, 527, 496, 500, 586, 622, 691, 750, 778, 807, 847, 876, 901, 903, 956, 977, 1023, 1043, 1062, 982], "all_points_y": [585, 562, 572, 524, 447, 418, 353, 353, 289, 254, 202, 206, 270, 305, 347, 392, 418, 456, 482, 437, 443, 514, 549, 540, 559, 583]}, "region_attributes": {"name": "smoke\n"}}, {"shape_attributes": {"name": "rect", "x": 468, "y": 180, "width": 594, "height": 411}, "region_attributes": {"name": "bounding box\n"}}], "file_attributes": {}}]