[{"filename": "50.jpg", "size": 430628, "regions": [{"shape_attributes": {"name": "polyline", "all_points_x": [544, 664, 756, 916, 988, 958, 1025, 1219, 1391, 1810, 1814, 1727, 1668, 1587, 1359, 1219, 1151, 1084, 977, 838, 678, 605, 541], "all_points_y": [499, 421, 320, 243, 240, 154, 69, 88, 6, 0, 243, 243, 341, 339, 400, 422, 520, 541, 531, 529, 537, 529, 497]}, "region_attributes": {"name": "smoke\n"}}, {"shape_attributes": {"name": "rect", "x": 496, "y": 6, "width": 1318, "height": 542}, "region_attributes": {"name": "bounding box\n"}}], "file_attributes": {}}]