[{"filename": "51.jpg", "size": 234891, "regions": [{"shape_attributes": {"name": "polyline", "all_points_x": [1042, 847, 732, 679, 607, 578, 601, 545, 455, 181, 307, 601, 980, 1585, 1749, 1735, 1365, 985, 848, 783, 791, 850, 901, 1034], "all_points_y": [609, 604, 591, 569, 563, 558, 489, 446, 427, 253, 120, 5, 7, 0, 3, 74, 174, 194, 305, 381, 456, 519, 535, 606]}, "region_attributes": {"name": "smoke\n"}}, {"shape_attributes": {"name": "rect", "x": 115, "y": 5, "width": 1676, "height": 624}, "region_attributes": {"name": "bounding box\n"}}], "file_attributes": {}}]