[{"filename": "52.jpg", "size": 169707, "regions": [{"shape_attributes": {"name": "polyline", "all_points_x": [450, 381, 468, 496, 532, 489, 496, 604, 699, 773, 909, 1008, 1111, 1236, 1321, 1354, 1356, 1287, 1329, 1308, 1137, 1106, 1040, 922, 903, 725, 551, 446], "all_points_y": [625, 578, 469, 353, 243, 158, 102, 38, 26, 69, 158, 118, 71, 77, 189, 246, 269, 320, 364, 473, 512, 565, 571, 653, 688, 650, 643, 627]}, "region_attributes": {"name": "smoke\n"}}, {"shape_attributes": {"name": "rect", "x": 292, "y": 20, "width": 1195, "height": 704}, "region_attributes": {"name": "bounding box\n"}}], "file_attributes": {}}]