[{"filename": "53.jpg", "size": 201504, "regions": [{"shape_attributes": {"name": "polyline", "all_points_x": [1436, 1179, 1025, 915, 822, 796, 616, 557, 481, 425, 387, 221, 115, 150, 310, 661, 745, 862, 1167, 1331, 1433], "all_points_y": [374, 429, 438, 443, 400, 390, 446, 475, 448, 365, 345, 349, 566, 601, 627, 557, 544, 576, 502, 457, 374]}, "region_attributes": {"name": "smoke\n"}}, {"shape_attributes": {"name": "rect", "x": 99, "y": 233, "width": 1369, "height": 438}, "region_attributes": {"name": "bounding box\n"}}], "file_attributes": {}}]