[{"filename": "54.jpg", "size": 146066, "regions": [{"shape_attributes": {"name": "polyline", "all_points_x": [940, 948, 1021, 992, 1036, 1117, 1135, 984, 742, 1306, 1377, 1756, 1832, 1805, 1804, 1699, 1517, 1392, 1324, 1267, 1264, 1184, 1085, 997, 933], "all_points_y": [882, 793, 734, 634, 493, 479, 452, 405, 235, 179, 147, 223, 479, 523, 648, 749, 741, 806, 825, 855, 914, 909, 904, 869, 879]}, "region_attributes": {"name": "smoke\n"}}, {"shape_attributes": {"name": "rect", "x": 705, "y": 135, "width": 1166, "height": 793}, "region_attributes": {"name": "bounding box\n"}}], "file_attributes": {}}]