[{"filename": "55.jpg", "size": 249148, "regions": [{"shape_attributes": {"name": "polyline", "all_points_x": [765, 742, 660, 524, 450, 425, 292, 146, 5, 3, 184, 305, 466, 699, 817, 912, 949, 944, 958, 867, 909, 916, 949, 965, 993, 1027, 1044, 958, 871, 765], "all_points_y": [753, 676, 624, 627, 661, 558, 491, 479, 479, 7, 56, 39, 79, 112, 79, 89, 171, 302, 373, 422, 471, 510, 569, 643, 720, 763, 780, 760, 745, 752]}, "region_attributes": {"name": "smoke\n"}}, {"shape_attributes": {"name": "rect", "x": 5, "y": 5, "width": 1108, "height": 781}, "region_attributes": {"name": "bounding box\n"}}], "file_attributes": {}}]