[{"filename": "56.jpg", "size": 241152, "regions": [{"shape_attributes": {"name": "polyline", "all_points_x": [512, 560, 560, 482, 385, 398, 473, 530, 654, 683, 690, 700, 728, 772, 820, 906, 952, 1065, 1261, 1335, 1362, 1304, 1288, 1243, 1248, 1240, 514], "all_points_y": [5, 53, 69, 16, 46, 109, 132, 199, 178, 204, 227, 235, 244, 239, 257, 245, 260, 221, 270, 296, 306, 254, 198, 148, 44, 3, 3]}, "region_attributes": {"name": "smoke\n"}}, {"shape_attributes": {"name": "rect", "x": 306, "y": 0, "width": 1143, "height": 323}, "region_attributes": {"name": "bounding box\n"}}], "file_attributes": {}}]