[{"filename": "57.jpg", "size": 293113, "regions": [{"shape_attributes": {"name": "polyline", "all_points_x": [1130, 1192, 1169, 1135, 1176, 1156, 1131, 1143, 1291, 1307, 1278, 1079, 967, 940, 906, 827, 777, 695, 562, 445, 328, 272, 217, 171, 96, 56, 3, 3, 1130], "all_points_y": [3, 59, 86, 99, 138, 173, 184, 211, 156, 198, 270, 217, 249, 252, 239, 255, 237, 237, 265, 244, 171, 161, 160, 184, 201, 211, 203, 0, 5]}, "region_attributes": {"name": "smoke\n"}}, {"shape_attributes": {"name": "rect", "x": 5, "y": 3, "width": 1324, "height": 323}, "region_attributes": {"name": "bounding box\n"}}], "file_attributes": {}}]