[{"filename": "6.jpg", "size": 139930, "regions": [{"shape_attributes": {"name": "polyline", "all_points_x": [1127, 980, 921, 807, 742, 675, 679, 436, 231, 84, 81, 228, 861, 897, 829, 758, 812, 840, 855, 918, 948, 935, 986, 1023, 1077, 1119, 1129], "all_points_y": [561, 571, 549, 545, 542, 482, 403, 268, 184, 65, 44, 3, 3, 6, 94, 224, 284, 327, 347, 323, 336, 425, 444, 425, 482, 514, 558]}, "region_attributes": {"name": "smoke\n"}}, {"shape_attributes": {"name": "rect", "x": 59, "y": 8, "width": 1148, "height": 576}, "region_attributes": {"name": "bounding box\n"}}], "file_attributes": {}}]