[{"filename": "60.jpg", "size": 212156, "regions": [{"shape_attributes": {"name": "polyline", "all_points_x": [917, 873, 886, 850, 593, 562, 626, 744, 809, 886, 925, 988, 1054, 1054, 1001, 962, 978, 985, 912], "all_points_y": [557, 486, 412, 351, 361, 250, 267, 249, 229, 296, 349, 336, 385, 410, 469, 512, 548, 558, 555]}, "region_attributes": {"name": "smoke\n"}}, {"shape_attributes": {"name": "rect", "x": 524, "y": 221, "width": 580, "height": 349}, "region_attributes": {"name": "bounding box\n"}}], "file_attributes": {}}]