[{"filename": "62.jpg", "size": 298254, "regions": [{"shape_attributes": {"name": "polyline", "all_points_x": [858, 925, 970, 1049, 1095, 1184, 1220, 1298, 1330, 1345, 1388, 1395, 1386, 1350, 1393, 1401, 1311, 1209, 1149, 1103, 1044, 958, 855], "all_points_y": [402, 347, 323, 333, 250, 165, 183, 160, 114, 109, 143, 181, 207, 234, 267, 290, 331, 349, 351, 352, 382, 382, 403]}, "region_attributes": {"name": "smoke\n"}}, {"shape_attributes": {"name": "rect", "x": 830, "y": 102, "width": 616, "height": 324}, "region_attributes": {"name": "bounding box\n"}}], "file_attributes": {}}]