[{"filename": "63.jpg", "size": 487124, "regions": [{"shape_attributes": {"name": "polyline", "all_points_x": [922, 962, 998, 1014, 1024, 1037, 1041, 1042, 1156, 1169, 1113, 1083, 1080, 1159, 1265, 1281, 1322, 1296, 1268, 1283, 1214, 1214, 1242, 1253, 1220, 1182, 1121, 1103, 1064, 1016, 985, 919], "all_points_y": [499, 438, 402, 397, 369, 362, 329, 311, 259, 231, 203, 123, 84, 44, 15, 5, 5, 59, 97, 110, 119, 147, 216, 262, 329, 367, 375, 435, 435, 463, 499, 502]}, "region_attributes": {"name": "smoke\n"}}, {"shape_attributes": {"name": "rect", "x": 886, "y": 2, "width": 535, "height": 506}, "region_attributes": {"name": "bounding box\n"}}], "file_attributes": {}}]