[{"filename": "64.jpg", "size": 500479, "regions": [{"shape_attributes": {"name": "polyline", "all_points_x": [968, 902, 861, 787, 771, 695, 677, 606, 550, 471, 435, 428, 484, 530, 596, 685, 754, 840, 911, 953, 972, 965], "all_points_y": [489, 474, 431, 417, 395, 382, 402, 341, 336, 352, 349, 417, 489, 478, 519, 520, 534, 520, 510, 514, 501, 487]}, "region_attributes": {"name": "smoke\n"}}, {"shape_attributes": {"name": "rect", "x": 382, "y": 310, "width": 616, "height": 252}, "region_attributes": {"name": "bounding box\n"}}], "file_attributes": {}}]