[{"filename": "65.jpg", "size": 516569, "regions": [{"shape_attributes": {"name": "polyline", "all_points_x": [972, 878, 860, 848, 833, 818, 781, 777, 738, 736, 698, 659, 588, 570, 517, 496, 413, 354, 326, 237, 206, 128, 115, 181, 198, 296, 369, 425, 504, 570, 639, 716, 759, 813, 864, 919, 970], "all_points_y": [492, 482, 484, 464, 456, 433, 428, 408, 402, 428, 405, 380, 361, 319, 316, 352, 387, 390, 367, 367, 362, 440, 538, 540, 568, 566, 566, 504, 510, 463, 502, 529, 543, 514, 517, 512, 494]}, "region_attributes": {"name": "smoke\n"}}, {"shape_attributes": {"name": "rect", "x": 49, "y": 306, "width": 972, "height": 293}, "region_attributes": {"name": "bounding box\n"}}], "file_attributes": {}}]