[{"filename": "67.jpg", "size": 368095, "regions": [{"shape_attributes": {"name": "polyline", "all_points_x": [1158, 1215, 1116, 1037, 858, 677, 448, 194, 36, 2, 3, 148, 300, 398, 596, 767, 919, 985, 1159], "all_points_y": [443, 313, 255, 153, 79, 23, 81, 119, 155, 189, 637, 583, 680, 713, 634, 631, 604, 515, 443]}, "region_attributes": {"name": "smoke\n"}}, {"shape_attributes": {"name": "rect", "x": 3, "y": 15, "width": 1228, "height": 697}, "region_attributes": {"name": "bounding box\n"}}], "file_attributes": {}}]