[{"filename": "68.jpg", "size": 576315, "regions": [{"shape_attributes": {"name": "polyline", "all_points_x": [789, 767, 741, 708, 688, 721, 711, 685, 637, 622, 606, 497, 464, 448, 408, 361, 339, 331, 405, 441, 451, 550, 665, 787], "all_points_y": [785, 766, 744, 738, 687, 655, 593, 560, 558, 520, 448, 343, 338, 413, 468, 468, 519, 573, 617, 680, 716, 756, 781, 789]}, "region_attributes": {"name": "smoke\n"}}, {"shape_attributes": {"name": "rect", "x": 319, "y": 301, "width": 489, "height": 524}, "region_attributes": {"name": "bounding box\n"}}], "file_attributes": {}}]