[{"filename": "69.jpg", "size": 473465, "regions": [{"shape_attributes": {"name": "polyline", "all_points_x": [794, 697, 621, 563, 530, 494, 486, 491, 517, 545, 446, 324, 242, 339, 792, 794, 767, 851, 860, 774, 825, 833, 797, 753, 746, 734, 723, 781, 809, 787], "all_points_y": [790, 784, 774, 731, 718, 655, 553, 486, 441, 377, 329, 313, 127, 7, 5, 58, 150, 171, 217, 285, 357, 405, 482, 476, 566, 655, 708, 764, 789, 789]}, "region_attributes": {"name": "smoke\n"}}, {"shape_attributes": {"name": "rect", "x": 224, "y": 5, "width": 682, "height": 805}, "region_attributes": {"name": "bounding box\n"}}], "file_attributes": {}}]