[{"filename": "7.jpg", "size": 124128, "regions": [{"shape_attributes": {"name": "polyline", "all_points_x": [1325, 1208, 1088, 951, 918, 794, 682, 371, 170, 1199, 1253, 1305, 1318, 1314, 1306, 1316, 1316, 1264, 1197, 1167, 1221, 1281, 1335, 1362, 1325], "all_points_y": [663, 653, 656, 620, 571, 564, 476, 342, 3, 3, 32, 57, 70, 140, 219, 284, 309, 368, 457, 482, 520, 558, 590, 612, 660]}, "region_attributes": {"name": "smoke\n"}}, {"shape_attributes": {"name": "rect", "x": 124, "y": 6, "width": 1332, "height": 666}, "region_attributes": {"name": "bounding box\n"}}], "file_attributes": {}}]