[{"filename": "70.jpg", "size": 365155, "regions": [{"shape_attributes": {"name": "polyline", "all_points_x": [776, 899, 1018, 1120, 1182, 1289, 1419, 1518, 1495, 1459, 1367, 1255, 1116, 1037, 972, 889, 846, 776], "all_points_y": [680, 621, 581, 606, 566, 594, 519, 573, 632, 657, 692, 701, 685, 678, 669, 703, 718, 683]}, "region_attributes": {"name": "smoke\n"}}, {"shape_attributes": {"name": "rect", "x": 739, "y": 504, "width": 818, "height": 239}, "region_attributes": {"name": "bounding box\n"}}], "file_attributes": {}}]