[{"filename": "72.jpg", "size": 345188, "regions": [{"shape_attributes": {"name": "polyline", "all_points_x": [1900, 1795, 1688, 1439, 1433, 1294, 1051, 772, 468, 7, 8, 158, 227, 318, 482, 701, 789, 944, 1079, 1245, 1385, 1525, 1653, 1808, 1897, 1902], "all_points_y": [560, 507, 454, 428, 430, 372, 275, 203, 31, 7, 637, 639, 627, 629, 581, 566, 553, 548, 563, 606, 621, 619, 580, 622, 644, 562]}, "region_attributes": {"name": "smoke\n"}}, {"shape_attributes": {"name": "rect", "x": 10, "y": 7, "width": 1895, "height": 654}, "region_attributes": {"name": "bounding box\n"}}], "file_attributes": {}}]