[{"filename": "73.jpg", "size": 445307, "regions": [{"shape_attributes": {"name": "polyline", "all_points_x": [1903, 1826, 1728, 1677, 1598, 1529, 1456, 1400, 1311, 1245, 1178, 997, 827, 680, 503, 454, 299, 3, 3, 148, 346, 671, 904, 1065, 1252, 1355, 1510, 1657, 1799, 1903, 1898], "all_points_y": [548, 528, 504, 506, 395, 403, 273, 310, 175, 380, 143, 336, 307, 181, 167, 160, 54, 7, 634, 631, 602, 569, 553, 558, 607, 619, 609, 587, 614, 607, 547]}, "region_attributes": {"name": "smoke\n"}}, {"shape_attributes": {"name": "rect", "x": 2, "y": 8, "width": 1912, "height": 646}, "region_attributes": {"name": "bounding box\n"}}], "file_attributes": {}}]