[{"filename": "75.jpg", "size": 546362, "regions": [{"shape_attributes": {"name": "polyline", "all_points_x": [1309, 1146, 1041, 1149, 1235, 1164, 1018, 952, 794, 723, 692, 669, 613, 557, 478, 382, 331, 221, 3, 8, 115, 326, 534, 721, 953, 1182, 1283, 1307], "all_points_y": [509, 459, 324, 316, 277, 161, 130, 66, 46, 56, 92, 216, 245, 176, 104, 137, 175, 122, 0, 593, 632, 611, 599, 583, 555, 558, 553, 510]}, "region_attributes": {"name": "smoke\n"}}, {"shape_attributes": {"name": "rect", "x": 7, "y": 5, "width": 1307, "height": 636}, "region_attributes": {"name": "bounding box\n"}}], "file_attributes": {}}]