[{"filename": "78.jpg", "size": 417272, "regions": [{"shape_attributes": {"name": "polyline", "all_points_x": [1016, 1031, 1063, 1070, 1134, 1161, 1252, 1356, 1389, 1429, 1491, 1470, 1623, 1650, 1750, 1812, 1819, 1893, 1772, 1704, 1598, 1449, 1414, 1323, 1262, 1137, 1051, 1014, 1014], "all_points_y": [496, 472, 472, 420, 342, 334, 305, 221, 103, 162, 148, 98, 32, 52, 7, 74, 177, 255, 294, 282, 280, 310, 354, 410, 444, 494, 535, 518, 499]}, "region_attributes": {"name": "smoke\n"}}, {"shape_attributes": {"name": "rect", "x": 985, "y": 7, "width": 908, "height": 542}, "region_attributes": {"name": "bounding box\n"}}], "file_attributes": {}}]