[{"filename": "79.jpg", "size": 98609, "regions": [{"shape_attributes": {"name": "polyline", "all_points_x": [992, 1017, 1125, 1173, 1141, 1152, 1232, 1540, 1583, 1594, 1481, 1345, 1257, 1166, 1130, 1097, 1093, 1017, 992], "all_points_y": [687, 641, 589, 560, 523, 504, 489, 469, 477, 538, 680, 597, 597, 668, 656, 675, 690, 727, 687]}, "region_attributes": {"name": "smoke\n"}}, {"shape_attributes": {"name": "rect", "x": 982, "y": 429, "width": 628, "height": 366}, "region_attributes": {"name": "bounding box\n"}}], "file_attributes": {}}]