[{"filename": "8.jpg", "size": 140680, "regions": [{"shape_attributes": {"name": "polyline", "all_points_x": [10, 54, 87, 98, 98, 78, 157, 304, 460, 511, 498, 587, 694, 748, 802, 874, 931, 1110, 1176, 1297, 1279, 1273, 1216, 1240, 1306, 1303, 1197, 1203, 1199, 1264, 5, 10], "all_points_y": [70, 133, 152, 252, 311, 349, 433, 501, 472, 469, 617, 666, 694, 723, 742, 799, 843, 859, 856, 824, 786, 766, 698, 615, 539, 411, 352, 190, 108, 3, 2, 70]}, "region_attributes": {"name": "smoke\n"}}, {"shape_attributes": {"name": "rect", "x": 17, "y": 2, "width": 1348, "height": 874}, "region_attributes": {"name": "bounding box\n"}}], "file_attributes": {}}]