[{"filename": "80.jpg", "size": 240063, "regions": [{"shape_attributes": {"name": "polyline", "all_points_x": [965, 971, 1044, 1101, 1161, 1184, 1205, 1218, 1286, 1445, 1464, 1470, 1762, 1747, 1612, 1562, 1544, 1411, 1338, 1338, 1259, 1193, 1152, 1091, 1021, 963], "all_points_y": [550, 509, 471, 476, 412, 403, 347, 171, 165, 69, 15, 3, 5, 104, 263, 272, 331, 445, 504, 547, 580, 575, 558, 543, 538, 548]}, "region_attributes": {"name": "smoke\n"}}, {"shape_attributes": {"name": "rect", "x": 914, "y": 2, "width": 963, "height": 590}, "region_attributes": {"name": "bounding box\n"}}], "file_attributes": {}}]