[{"filename": "81.jpg", "size": 246722, "regions": [{"shape_attributes": {"name": "polyline", "all_points_x": [935, 948, 973, 987, 1009, 1002, 1053, 1083, 1110, 1125, 1105, 1189, 1358, 1392, 1485, 1515, 1566, 1610, 1913, 1913, 1726, 1643, 1623, 1562, 1380, 1215, 1120, 1090, 1002, 936], "all_points_y": [552, 513, 513, 442, 430, 391, 376, 423, 423, 385, 317, 169, 135, 162, 115, 61, 47, 0, 7, 268, 361, 358, 445, 476, 591, 567, 545, 501, 537, 552]}, "region_attributes": {"name": "smoke\n"}}, {"shape_attributes": {"name": "rect", "x": 887, "y": 7, "width": 1019, "height": 618}, "region_attributes": {"name": "bounding box\n"}}], "file_attributes": {}}]