[{"filename": "82.jpg", "size": 218434, "regions": [{"shape_attributes": {"name": "polyline", "all_points_x": [933, 985, 1124, 1157, 1203, 1265, 1299, 1346, 1387, 1437, 1537, 1554, 1513, 1483, 1547, 1615, 1718, 1756, 1915, 1912, 1812, 1711, 1549, 1441, 1319, 1174, 1036, 935], "all_points_y": [569, 503, 467, 435, 425, 452, 396, 386, 304, 324, 329, 283, 251, 228, 121, 145, 101, 5, 7, 454, 577, 604, 606, 616, 580, 560, 547, 567]}, "region_attributes": {"name": "smoke\n"}}, {"shape_attributes": {"name": "rect", "x": 936, "y": 7, "width": 980, "height": 631}, "region_attributes": {"name": "bounding box\n"}}], "file_attributes": {}}]