[{"filename": "83.jpg", "size": 227361, "regions": [{"shape_attributes": {"name": "polyline", "all_points_x": [881, 940, 945, 975, 950, 982, 1000, 1016, 1021, 1097, 1071, 1186, 1245, 1287, 1343, 1389, 1458, 1493, 1446, 1537, 1616, 1675, 1669, 1907, 1913, 1711, 1368, 1302, 1265, 1191, 1107, 995, 940, 881], "all_points_y": [547, 525, 486, 476, 376, 359, 386, 386, 364, 358, 262, 169, 186, 265, 263, 73, 88, 191, 273, 277, 277, 187, 2, 5, 287, 430, 474, 501, 501, 521, 553, 557, 572, 547]}, "region_attributes": {"name": "smoke\n"}}, {"shape_attributes": {"name": "rect", "x": 862, "y": 5, "width": 1044, "height": 602}, "region_attributes": {"name": "bounding box\n"}}], "file_attributes": {}}]