[{"filename": "86.jpg", "size": 479973, "regions": [{"shape_attributes": {"name": "polyline", "all_points_x": [464, 628, 874, 957, 984, 1066, 1129, 1249, 1247, 1291, 1313, 1372, 1471, 1618, 1903, 1908, 1915, 1731, 1500, 1407, 1286, 1011, 837, 744, 693, 665, 634, 597, 564, 553, 481, 462], "all_points_y": [530, 452, 390, 378, 420, 391, 437, 408, 358, 364, 420, 388, 319, 321, 375, 511, 547, 525, 515, 525, 526, 547, 547, 542, 542, 564, 543, 526, 526, 526, 538, 528]}, "region_attributes": {"name": "smoke\n"}}, {"shape_attributes": {"name": "rect", "x": 417, "y": 270, "width": 1503, "height": 361}, "region_attributes": {"name": "bounding box\n"}}], "file_attributes": {}}]