[{"filename": "87.jpg", "size": 362951, "regions": [{"shape_attributes": {"name": "polyline", "all_points_x": [1164, 1144, 1216, 1255, 1264, 1296, 1346, 1444, 1731, 1785, 1751, 1772, 1581, 1446, 1432, 1385, 1395, 1351, 1313, 1299, 1281, 1276, 1237, 1198, 1159], "all_points_y": [756, 702, 653, 636, 553, 434, 373, 218, 57, 61, 253, 297, 461, 553, 592, 678, 766, 763, 758, 724, 724, 759, 736, 739, 754]}, "region_attributes": {"name": "smoke\n"}}, {"shape_attributes": {"name": "rect", "x": 1090, "y": 37, "width": 783, "height": 759}, "region_attributes": {"name": "bounding box\n"}}], "file_attributes": {}}]