[{"filename": "9.jpg", "size": 154803, "regions": [{"shape_attributes": {"name": "polyline", "all_points_x": [1053, 1043, 1069, 1054, 1094, 1132, 1123, 1119, 1119, 1164, 1203, 1227, 1240, 1091, 885, 777, 680, 555, 434, 396, 333, 224, 149, 140, 1053], "all_points_y": [2, 133, 187, 266, 282, 314, 361, 441, 501, 571, 615, 598, 767, 805, 791, 720, 661, 631, 563, 460, 384, 255, 57, 6, 3]}, "region_attributes": {"name": "smoke\n"}}, {"shape_attributes": {"name": "rect", "x": 106, "y": 5, "width": 1151, "height": 813}, "region_attributes": {"name": "bounding box\n"}}], "file_attributes": {}}]