[{"filename": "90.jpg", "size": 168140, "regions": [{"shape_attributes": {"name": "polyline", "all_points_x": [1110, 1075, 1069, 1130, 1307, 1111, 1051, 807, 713, 682, 761, 807, 785, 723, 703, 639, 585, 548, 240, 99, 69, 203, 372, 553, 721, 868, 1046, 1107], "all_points_y": [555, 504, 435, 359, 198, 30, 0, 7, 56, 105, 171, 224, 333, 333, 372, 394, 435, 366, 400, 443, 506, 520, 550, 515, 553, 570, 553, 553]}, "region_attributes": {"name": "smoke\n"}}, {"shape_attributes": {"name": "rect", "x": 51, "y": 3, "width": 1324, "height": 606}, "region_attributes": {"name": "bounding box\n"}}], "file_attributes": {}}]