[{"filename": "91.jpg", "size": 258736, "regions": [{"shape_attributes": {"name": "polyline", "all_points_x": [922, 851, 784, 420, 361, 706, 986, 1393, 1472, 1703, 1709, 1357, 1298, 1024, 1006, 965, 972, 927], "all_points_y": [652, 529, 494, 428, 351, 260, 227, 224, 295, 306, 361, 402, 407, 478, 538, 606, 649, 649]}, "region_attributes": {"name": "smoke\n"}}, {"shape_attributes": {"name": "rect", "x": 249, "y": 203, "width": 1528, "height": 471}, "region_attributes": {"name": "bounding box\n"}}], "file_attributes": {}}]