[{"filename": "93.jpg", "size": 222849, "regions": [{"shape_attributes": {"name": "polyline", "all_points_x": [1108, 1064, 1028, 960, 906, 825, 802, 774, 838, 850, 904, 920, 927, 944, 963, 985, 1023, 1057, 1095, 1110], "all_points_y": [491, 445, 394, 369, 379, 300, 300, 385, 468, 524, 529, 491, 497, 514, 517, 504, 522, 497, 497, 487]}, "region_attributes": {"name": "smoke\n"}}, {"shape_attributes": {"name": "rect", "x": 734, "y": 257, "width": 402, "height": 311}, "region_attributes": {"name": "bounding box\n"}}], "file_attributes": {}}]