[{"filename": "94.jpg", "size": 322512, "regions": [{"shape_attributes": {"name": "polyline", "all_points_x": [825, 787, 776, 739, 728, 708, 629, 622, 660, 682, 673, 692, 682, 715, 636, 491, 431, 469, 1790, 1913, 1908, 1790, 1694, 1670, 1630, 1630, 1742, 1701, 1442, 1314, 1110, 970, 822], "all_points_y": [706, 667, 636, 636, 636, 603, 502, 476, 369, 349, 204, 145, 114, 59, 35, 173, 119, 5, 3, 3, 165, 212, 219, 306, 469, 639, 629, 738, 856, 812, 777, 748, 706]}, "region_attributes": {"name": "smoke\n"}}, {"shape_attributes": {"name": "rect", "x": 361, "y": 2, "width": 1553, "height": 863}, "region_attributes": {"name": "bounding box\n"}}], "file_attributes": {}}]