[{"filename": "96.jpg", "size": 397956, "regions": [{"shape_attributes": {"name": "polyline", "all_points_x": [764, 759, 734, 725, 752, 742, 680, 607, 607, 442, 329, 337, 1623, 1917, 1915, 1628, 1319, 1124, 1119, 984, 1038, 1076, 1117, 1205, 1213, 1230, 1218, 1157, 1166, 1039, 887, 810, 764], "all_points_y": [695, 665, 641, 560, 545, 488, 486, 349, 280, 277, 81, 5, 5, 3, 179, 224, 283, 282, 385, 457, 565, 633, 557, 513, 634, 683, 707, 704, 778, 758, 727, 710, 695]}, "region_attributes": {"name": "smoke\n"}}, {"shape_attributes": {"name": "rect", "x": 258, "y": 7, "width": 1648, "height": 786}, "region_attributes": {"name": "bounding box\n"}}], "file_attributes": {}}]