[{"filename": "97.jpg", "size": 396276, "regions": [{"shape_attributes": {"name": "polyline", "all_points_x": [1187, 1047, 958, 965, 916, 825, 808, 835, 872, 756, 676, 563, 30, 37, 116, 182, 369, 454, 508, 504, 562, 649, 750, 838, 963, 1108, 1167, 1184], "all_points_y": [624, 606, 648, 597, 537, 405, 342, 201, 88, 47, 27, 3, 7, 160, 243, 326, 364, 386, 398, 499, 555, 648, 671, 719, 756, 774, 785, 626]}, "region_attributes": {"name": "smoke\n"}}, {"shape_attributes": {"name": "rect", "x": 29, "y": 7, "width": 1311, "height": 801}, "region_attributes": {"name": "bounding box\n"}}, {"shape_attributes": {"name": "rect", "x": 1547, "y": 781, "width": 2, "height": 2}, "region_attributes": {"name": ""}}, {"shape_attributes": {"name": "rect", "x": 1187, "y": 993, "width": 36, "height": 0}, "region_attributes": {"name": ""}}], "file_attributes": {}}]