[{"filename": "98.jpg", "size": 357917, "regions": [{"shape_attributes": {"name": "polyline", "all_points_x": [772, 907, 1004, 1052, 1248, 1251, 1410, 1426, 1573, 1630, 1423, 1286, 1247, 1064, 939, 848, 767], "all_points_y": [680, 557, 426, 356, 422, 450, 461, 438, 535, 621, 672, 725, 797, 762, 744, 721, 680]}, "region_attributes": {"name": "smoke\n"}}, {"shape_attributes": {"name": "rect", "x": 728, "y": 343, "width": 968, "height": 466}, "region_attributes": {"name": "bounding box\n"}}], "file_attributes": {}}]