[{"filename": "99.jpg", "size": 629128, "regions": [{"shape_attributes": {"name": "polyline", "all_points_x": [1122, 1076, 1041, 793, 442, 783, 877, 943, 914, 923, 980, 1016, 1056, 1097, 1129, 1119], "all_points_y": [523, 459, 341, 12, 12, 381, 439, 499, 515, 542, 565, 548, 567, 557, 553, 520]}, "region_attributes": {"name": "smoke\n"}}, {"shape_attributes": {"name": "rect", "x": 380, "y": 5, "width": 891, "height": 584}, "region_attributes": {"name": "bounding box\n"}}], "file_attributes": {}}]