{"56.jpg241152":{"filename":"56.jpg","size":241152,"regions":[{"shape_attributes":{"name":"polyline","all_points_x":[512,560,560,482,385,398,473,530,654,683,690,700,728,772,820,906,952,1065,1261,1335,1362,1304,1288,1243,1248,1240,514],"all_points_y":[5,53,69,16,46,109,132,199,178,204,227,235,244,239,257,245,260,221,270,296,306,254,198,148,44,3,3]},"region_attributes":{"name":"smoke\n"}},{"shape_attributes":{"name":"rect","x":306,"y":0,"width":1143,"height":323},"region_attributes":{"name":"bounding box\n"}}],"file_attributes":{}},"57.jpg293113":{"filename":"57.jpg","size":293113,"regions":[{"shape_attributes":{"name":"polyline","all_points_x":[1130,1192,1169,1135,1176,1156,1131,1143,1291,1307,1278,1079,967,940,906,827,777,695,562,445,328,272,217,171,96,56,3,3,1130],"all_points_y":[3,59,86,99,138,173,184,211,156,198,270,217,249,252,239,255,237,237,265,244,171,161,160,184,201,211,203,0,5]},"region_attributes":{"name":"smoke\n"}},{"shape_attributes":{"name":"rect","x":5,"y":3,"width":1324,"height":323},"region_attributes":{"name":"bounding box\n"}}],"file_attributes":{}},"58.jpg188518":{"filename":"58.jpg","size":188518,"regions":[{"shape_attributes":{"name":"polyline","all_points_x":[537,491,408,339,300,168,92,51,48,135,214,295,397,496,532],"all_points_y":[560,507,468,461,481,515,520,527,548,560,576,576,576,573,560]},"region_attributes":{"name":"smoke\n"}},{"shape_attributes":{"name":"rect","x":30,"y":445,"width":524,"height":160},"region_attributes":{"name":"bounding box\n"}}],"file_attributes":{}},"59.jpg454983":{"filename":"59.jpg","size":454983,"regions":[{"shape_attributes":{"name":"polyline","all_points_x":[733,715,715,744,841,861,869,850,807,731],"all_points_y":[519,417,356,321,329,349,405,468,520,517]},"region_attributes":{"name":"smoke\n"}},{"shape_attributes":{"name":"rect","x":695,"y":303,"width":186,"height":232},"region_attributes":{"name":"bounding box\n"}}],"file_attributes":{}},"60.jpg212156":{"filename":"60.jpg","size":212156,"regions":[{"shape_attributes":{"name":"polyline","all_points_x":[917,873,886,850,593,562,626,744,809,886,925,988,1054,1054,1001,962,978,985,912],"all_points_y":[557,486,412,351,361,250,267,249,229,296,349,336,385,410,469,512,548,558,555]},"region_attributes":{"name":"smoke\n"}},{"shape_attributes":{"name":"rect","x":524,"y":221,"width":580,"height":349},"region_attributes":{"name":"bounding box\n"}}],"file_attributes":{}},"61.jpg209445":{"filename":"61.jpg","size":209445,"regions":[{"shape_attributes":{"name":"polyline","all_points_x":[891,800,711,614,583,557,675,835,958,784,840,912,958,888],"all_points_y":[566,522,487,402,308,160,92,211,300,375,453,512,562,565]},"region_attributes":{"name":"smoke\n"}},{"shape_attributes":{"name":"rect","x":459,"y":69,"width":542,"height":534},"region_attributes":{"name":"bounding box\n"}}],"file_attributes":{}},"62.jpg298254":{"filename":"62.jpg","size":298254,"regions":[{"shape_attributes":{"name":"polyline","all_points_x":[858,925,970,1049,1095,1184,1220,1298,1330,1345,1388,1395,1386,1350,1393,1401,1311,1209,1149,1103,1044,958,855],"all_points_y":[402,347,323,333,250,165,183,160,114,109,143,181,207,234,267,290,331,349,351,352,382,382,403]},"region_attributes":{"name":"smoke\n"}},{"shape_attributes":{"name":"rect","x":830,"y":102,"width":616,"height":324},"region_attributes":{"name":"bounding box\n"}}],"file_attributes":{}},"63.jpg487124":{"filename":"63.jpg","size":487124,"regions":[{"shape_attributes":{"name":"polyline","all_points_x":[922,962,998,1014,1024,1037,1041,1042,1156,1169,1113,1083,1080,1159,1265,1281,1322,1296,1268,1283,1214,1214,1242,1253,1220,1182,1121,1103,1064,1016,985,919],"all_points_y":[499,438,402,397,369,362,329,311,259,231,203,123,84,44,15,5,5,59,97,110,119,147,216,262,329,367,375,435,435,463,499,502]},"region_attributes":{"name":"smoke\n"}},{"shape_attributes":{"name":"rect","x":886,"y":2,"width":535,"height":506},"region_attributes":{"name":"bounding box\n"}}],"file_attributes":{}},"64.jpg500479":{"filename":"64.jpg","size":500479,"regions":[{"shape_attributes":{"name":"polyline","all_points_x":[968,902,861,787,771,695,677,606,550,471,435,428,484,530,596,685,754,840,911,953,972,965],"all_points_y":[489,474,431,417,395,382,402,341,336,352,349,417,489,478,519,520,534,520,510,514,501,487]},"region_attributes":{"name":"smoke\n"}},{"shape_attributes":{"name":"rect","x":382,"y":310,"width":616,"height":252},"region_attributes":{"name":"bounding box\n"}}],"file_attributes":{}},"65.jpg516569":{"filename":"65.jpg","size":516569,"regions":[{"shape_attributes":{"name":"polyline","all_points_x":[972,878,860,848,833,818,781,777,738,736,698,659,588,570,517,496,413,354,326,237,206,128,115,181,198,296,369,425,504,570,639,716,759,813,864,919,970],"all_points_y":[492,482,484,464,456,433,428,408,402,428,405,380,361,319,316,352,387,390,367,367,362,440,538,540,568,566,566,504,510,463,502,529,543,514,517,512,494]},"region_attributes":{"name":"smoke\n"}},{"shape_attributes":{"name":"rect","x":49,"y":306,"width":972,"height":293},"region_attributes":{"name":"bounding box\n"}}],"file_attributes":{}},"66.jpg484767":{"filename":"66.jpg","size":484767,"regions":[{"shape_attributes":{"name":"polyline","all_points_x":[985,932,899,886,860,835,860,846,794,759,706,672,682,662,705,665,650,603,575,534,418,329,339,347,311,321,268,214,153,150,255,379,478,532,596,715,820,899,976,990,995,983],"all_points_y":[484,461,461,441,461,445,428,402,402,403,453,426,369,344,277,268,226,203,216,181,181,231,364,402,435,463,479,532,570,611,649,622,557,606,614,563,532,509,507,502,486,481]},"region_attributes":{"name":"smoke\n"}},{"shape_attributes":{"name":"rect","x":138,"y":151,"width":866,"height":532},"region_attributes":{"name":"bounding box\n"}}],"file_attributes":{}},"67.jpg368095":{"filename":"67.jpg","size":368095,"regions":[{"shape_attributes":{"name":"polyline","all_points_x":[1158,1215,1116,1037,858,677,448,194,36,2,3,148,300,398,596,767,919,985,1159],"all_points_y":[443,313,255,153,79,23,81,119,155,189,637,583,680,713,634,631,604,515,443]},"region_attributes":{"name":"smoke\n"}},{"shape_attributes":{"name":"rect","x":3,"y":15,"width":1228,"height":697},"region_attributes":{"name":"bounding box\n"}}],"file_attributes":{}},"68.jpg576315":{"filename":"68.jpg","size":576315,"regions":[{"shape_attributes":{"name":"polyline","all_points_x":[789,767,741,708,688,721,711,685,637,622,606,497,464,448,408,361,339,331,405,441,451,550,665,787],"all_points_y":[785,766,744,738,687,655,593,560,558,520,448,343,338,413,468,468,519,573,617,680,716,756,781,789]},"region_attributes":{"name":"smoke\n"}},{"shape_attributes":{"name":"rect","x":319,"y":301,"width":489,"height":524},"region_attributes":{"name":"bounding box\n"}}],"file_attributes":{}},"69.jpg473465":{"filename":"69.jpg","size":473465,"regions":[{"shape_attributes":{"name":"polyline","all_points_x":[794,697,621,563,530,494,486,491,517,545,446,324,242,339,792,794,767,851,860,774,825,833,797,753,746,734,723,781,809,787],"all_points_y":[790,784,774,731,718,655,553,486,441,377,329,313,127,7,5,58,150,171,217,285,357,405,482,476,566,655,708,764,789,789]},"region_attributes":{"name":"smoke\n"}},{"shape_attributes":{"name":"rect","x":224,"y":5,"width":682,"height":805},"region_attributes":{"name":"bounding box\n"}}],"file_attributes":{}},"70.jpg365155":{"filename":"70.jpg","size":365155,"regions":[{"shape_attributes":{"name":"polyline","all_points_x":[776,899,1018,1120,1182,1289,1419,1518,1495,1459,1367,1255,1116,1037,972,889,846,776],"all_points_y":[680,621,581,606,566,594,519,573,632,657,692,701,685,678,669,703,718,683]},"region_attributes":{"name":"smoke\n"}},{"shape_attributes":{"name":"rect","x":739,"y":504,"width":818,"height":239},"region_attributes":{"name":"bounding box\n"}}],"file_attributes":{}},"71.jpg244994":{"filename":"71.jpg","size":244994,"regions":[{"shape_attributes":{"name":"polyline","all_points_x":[1192,1176,1200,1186,1209,1321,1373,1505,1571,1642,1449,1266,1195],"all_points_y":[482,456,415,389,356,357,385,369,395,478,487,487,482]},"region_attributes":{"name":"smoke\n"}},{"shape_attributes":{"name":"rect","x":1139,"y":349,"width":540,"height":151},"region_attributes":{"name":"bounding box\n"}}],"file_attributes":{}},"72.jpg345188":{"filename":"72.jpg","size":345188,"regions":[{"shape_attributes":{"name":"polyline","all_points_x":[1900,1795,1688,1439,1433,1294,1051,772,468,7,8,158,227,318,482,701,789,944,1079,1245,1385,1525,1653,1808,1897,1902],"all_points_y":[560,507,454,428,430,372,275,203,31,7,637,639,627,629,581,566,553,548,563,606,621,619,580,622,644,562]},"region_attributes":{"name":"smoke\n"}},{"shape_attributes":{"name":"rect","x":10,"y":7,"width":1895,"height":654},"region_attributes":{"name":"bounding box\n"}}],"file_attributes":{}},"73.jpg445307":{"filename":"73.jpg","size":445307,"regions":[{"shape_attributes":{"name":"polyline","all_points_x":[1903,1826,1728,1677,1598,1529,1456,1400,1311,1245,1178,997,827,680,503,454,299,3,3,148,346,671,904,1065,1252,1355,1510,1657,1799,1903,1898],"all_points_y":[548,528,504,506,395,403,273,310,175,380,143,336,307,181,167,160,54,7,634,631,602,569,553,558,607,619,609,587,614,607,547]},"region_attributes":{"name":"smoke\n"}},{"shape_attributes":{"name":"rect","x":2,"y":8,"width":1912,"height":646},"region_attributes":{"name":"bounding box\n"}}],"file_attributes":{}},"74.jpg400498":{"filename":"74.jpg","size":400498,"regions":[{"shape_attributes":{"name":"polyline","all_points_x":[1043,975,928,955,7,7,118,265,427,618,790,945,1021,1043],"all_points_y":[626,489,246,0,2,587,633,623,607,594,607,621,648,628]},"region_attributes":{"name":"smoke\n"}},{"shape_attributes":{"name":"rect","x":2,"y":2,"width":1134,"height":693},"region_attributes":{"name":"bounding box\n"}}],"file_attributes":{}},"75.jpg546362":{"filename":"75.jpg","size":546362,"regions":[{"shape_attributes":{"name":"polyline","all_points_x":[1309,1146,1041,1149,1235,1164,1018,952,794,723,692,669,613,557,478,382,331,221,3,8,115,326,534,721,953,1182,1283,1307],"all_points_y":[509,459,324,316,277,161,130,66,46,56,92,216,245,176,104,137,175,122,0,593,632,611,599,583,555,558,553,510]},"region_attributes":{"name":"smoke\n"}},{"shape_attributes":{"name":"rect","x":7,"y":5,"width":1307,"height":636},"region_attributes":{"name":"bounding box\n"}}],"file_attributes":{}},"76.jpg401529":{"filename":"76.jpg","size":401529,"regions":[{"shape_attributes":{"name":"polyline","all_points_x":[1000,1057,1097,1105,1110,1195,1256,1288,1319,1373,1413,1530,1627,1640,1698,1703,1706,1742,1767,1749,1635,1632,1574,1528,1472,1441,1286,1258,1199,1187,1143,1036,1006,998],"all_points_y":[494,422,370,250,224,224,209,211,270,260,165,66,61,25,68,112,142,119,175,231,257,214,244,272,321,367,428,382,412,454,481,520,517,492]},"region_attributes":{"name":"smoke\n"}},{"shape_attributes":{"name":"rect","x":973,"y":15,"width":828,"height":519},"region_attributes":{"name":"bounding box\n"}}],"file_attributes":{}},"77.jpg427949":{"filename":"77.jpg","size":427949,"regions":[{"shape_attributes":{"name":"polyline","all_points_x":[985,1018,1031,1074,1118,1110,1164,1204,1233,1261,1270,1322,1329,1360,1382,1522,1551,1558,1602,1727,1731,1769,1742,1632,1556,1518,1520,1426,1352,1304,1270,1214,1143,1130,1060,1021,985],"all_points_y":[487,446,375,374,349,324,277,277,257,255,278,272,188,156,181,122,112,33,7,5,38,107,191,229,293,323,283,326,367,379,382,425,441,476,529,529,491]},"region_attributes":{"name":"smoke\n"}},{"shape_attributes":{"name":"rect","x":945,"y":7,"width":876,"height":540},"region_attributes":{"name":"bounding box\n"}}],"file_attributes":{}},"78.jpg417272":{"filename":"78.jpg","size":417272,"regions":[{"shape_attributes":{"name":"polyline","all_points_x":[1016,1031,1063,1070,1134,1161,1252,1356,1389,1429,1491,1470,1623,1650,1750,1812,1819,1893,1772,1704,1598,1449,1414,1323,1262,1137,1051,1014,1014],"all_points_y":[496,472,472,420,342,334,305,221,103,162,148,98,32,52,7,74,177,255,294,282,280,310,354,410,444,494,535,518,499]},"region_attributes":{"name":"smoke\n"}},{"shape_attributes":{"name":"rect","x":985,"y":7,"width":908,"height":542},"region_attributes":{"name":"bounding box\n"}}],"file_attributes":{}},"79.jpg98609":{"filename":"79.jpg","size":98609,"regions":[{"shape_attributes":{"name":"polyline","all_points_x":[992,1017,1125,1173,1141,1152,1232,1540,1583,1594,1481,1345,1257,1166,1130,1097,1093,1017,992],"all_points_y":[687,641,589,560,523,504,489,469,477,538,680,597,597,668,656,675,690,727,687]},"region_attributes":{"name":"smoke\n"}},{"shape_attributes":{"name":"rect","x":982,"y":429,"width":628,"height":366},"region_attributes":{"name":"bounding box\n"}}],"file_attributes":{}},"80.jpg240063":{"filename":"80.jpg","size":240063,"regions":[{"shape_attributes":{"name":"polyline","all_points_x":[965,971,1044,1101,1161,1184,1205,1218,1286,1445,1464,1470,1762,1747,1612,1562,1544,1411,1338,1338,1259,1193,1152,1091,1021,963],"all_points_y":[550,509,471,476,412,403,347,171,165,69,15,3,5,104,263,272,331,445,504,547,580,575,558,543,538,548]},"region_attributes":{"name":"smoke\n"}},{"shape_attributes":{"name":"rect","x":914,"y":2,"width":963,"height":590},"region_attributes":{"name":"bounding box\n"}}],"file_attributes":{}},"81.jpg246722":{"filename":"81.jpg","size":246722,"regions":[{"shape_attributes":{"name":"polyline","all_points_x":[935,948,973,987,1009,1002,1053,1083,1110,1125,1105,1189,1358,1392,1485,1515,1566,1610,1913,1913,1726,1643,1623,1562,1380,1215,1120,1090,1002,936],"all_points_y":[552,513,513,442,430,391,376,423,423,385,317,169,135,162,115,61,47,0,7,268,361,358,445,476,591,567,545,501,537,552]},"region_attributes":{"name":"smoke\n"}},{"shape_attributes":{"name":"rect","x":887,"y":7,"width":1019,"height":618},"region_attributes":{"name":"bounding box\n"}}],"file_attributes":{}},"82.jpg218434":{"filename":"82.jpg","size":218434,"regions":[{"shape_attributes":{"name":"polyline","all_points_x":[933,985,1124,1157,1203,1265,1299,1346,1387,1437,1537,1554,1513,1483,1547,1615,1718,1756,1915,1912,1812,1711,1549,1441,1319,1174,1036,935],"all_points_y":[569,503,467,435,425,452,396,386,304,324,329,283,251,228,121,145,101,5,7,454,577,604,606,616,580,560,547,567]},"region_attributes":{"name":"smoke\n"}},{"shape_attributes":{"name":"rect","x":936,"y":7,"width":980,"height":631},"region_attributes":{"name":"bounding box\n"}}],"file_attributes":{}},"83.jpg227361":{"filename":"83.jpg","size":227361,"regions":[{"shape_attributes":{"name":"polyline","all_points_x":[881,940,945,975,950,982,1000,1016,1021,1097,1071,1186,1245,1287,1343,1389,1458,1493,1446,1537,1616,1675,1669,1907,1913,1711,1368,1302,1265,1191,1107,995,940,881],"all_points_y":[547,525,486,476,376,359,386,386,364,358,262,169,186,265,263,73,88,191,273,277,277,187,2,5,287,430,474,501,501,521,553,557,572,547]},"region_attributes":{"name":"smoke\n"}},{"shape_attributes":{"name":"rect","x":862,"y":5,"width":1044,"height":602},"region_attributes":{"name":"bounding box\n"}}],"file_attributes":{}},"84.jpg329577":{"filename":"84.jpg","size":329577,"regions":[{"shape_attributes":{"name":"polyline","all_points_x":[637,654,862,1024,1155,1145,1049,981,948,861,808,718,659,637],"all_points_y":[343,287,240,258,333,422,429,404,392,363,359,353,350,344]},"region_attributes":{"name":"smoke\n"}},{"shape_attributes":{"name":"rect","x":601,"y":219,"width":612,"height":223},"region_attributes":{"name":"bounding box\n"}}],"file_attributes":{}},"85.jpg299307":{"filename":"85.jpg","size":299307,"regions":[{"shape_attributes":{"name":"polyline","all_points_x":[402,437,504,531,555,584,607,655,658,855,901,921,936,936,1016,1038,1053,1110,1252,1409,1517,1559,1610,1616,1788,1881,1917,1915,1792,1675,1578,1468,1422,1392,1292,1127,926,769,666,596,523,442,408,398],"all_points_y":[531,484,467,477,476,418,408,429,464,378,364,383,381,358,309,332,346,331,309,255,206,253,278,324,310,255,283,452,520,508,481,484,521,543,526,580,560,552,547,533,526,537,542,526]},"region_attributes":{"name":"smoke\n"}},{"shape_attributes":{"name":"rect","x":383,"y":189,"width":1534,"height":449},"region_attributes":{"name":"bounding box\n"}}],"file_attributes":{}},"86.jpg479973":{"filename":"86.jpg","size":479973,"regions":[{"shape_attributes":{"name":"polyline","all_points_x":[464,628,874,957,984,1066,1129,1249,1247,1291,1313,1372,1471,1618,1903,1908,1915,1731,1500,1407,1286,1011,837,744,693,665,634,597,564,553,481,462],"all_points_y":[530,452,390,378,420,391,437,408,358,364,420,388,319,321,375,511,547,525,515,525,526,547,547,542,542,564,543,526,526,526,538,528]},"region_attributes":{"name":"smoke\n"}},{"shape_attributes":{"name":"rect","x":417,"y":270,"width":1503,"height":361},"region_attributes":{"name":"bounding box\n"}}],"file_attributes":{}},"87.jpg362951":{"filename":"87.jpg","size":362951,"regions":[{"shape_attributes":{"name":"polyline","all_points_x":[1164,1144,1216,1255,1264,1296,1346,1444,1731,1785,1751,1772,1581,1446,1432,1385,1395,1351,1313,1299,1281,1276,1237,1198,1159],"all_points_y":[756,702,653,636,553,434,373,218,57,61,253,297,461,553,592,678,766,763,758,724,724,759,736,739,754]},"region_attributes":{"name":"smoke\n"}},{"shape_attributes":{"name":"rect","x":1090,"y":37,"width":783,"height":759},"region_attributes":{"name":"bounding box\n"}}],"file_attributes":{}},"88.jpg479057":{"filename":"88.jpg","size":479057,"regions":[{"shape_attributes":{"name":"polyline","all_points_x":[955,1066,1240,1319,1304,1196,1036,1004,987,953],"all_points_y":[535,452,486,504,582,550,564,552,531,533]},"region_attributes":{"name":""}},{"shape_attributes":{"name":"rect","x":947,"y":439,"width":412,"height":169},"region_attributes":{"name":"bounding box\n"}}],"file_attributes":{}},"89.jpg448422":{"filename":"89.jpg","size":448422,"regions":[{"shape_attributes":{"name":"polyline","all_points_x":[925,947,912,902,932,919,879,810,810,784,810,810,868,907,920],"all_points_y":[566,496,468,415,364,282,252,300,352,364,412,525,514,524,557]},"region_attributes":{"name":"smoke\n"}},{"shape_attributes":{"name":"rect","x":769,"y":235,"width":203,"height":339},"region_attributes":{"name":"bounding box\n"}}],"file_attributes":{}},"90.jpg168140":{"filename":"90.jpg","size":168140,"regions":[{"shape_attributes":{"name":"polyline","all_points_x":[1110,1075,1069,1130,1307,1111,1051,807,713,682,761,807,785,723,703,639,585,548,240,99,69,203,372,553,721,868,1046,1107],"all_points_y":[555,504,435,359,198,30,0,7,56,105,171,224,333,333,372,394,435,366,400,443,506,520,550,515,553,570,553,553]},"region_attributes":{"name":"smoke\n"}},{"shape_attributes":{"name":"rect","x":51,"y":3,"width":1324,"height":606},"region_attributes":{"name":"bounding box\n"}}],"file_attributes":{}},"91.jpg258736":{"filename":"91.jpg","size":258736,"regions":[{"shape_attributes":{"name":"polyline","all_points_x":[922,851,784,420,361,706,986,1393,1472,1703,1709,1357,1298,1024,1006,965,972,927],"all_points_y":[652,529,494,428,351,260,227,224,295,306,361,402,407,478,538,606,649,649]},"region_attributes":{"name":"smoke\n"}},{"shape_attributes":{"name":"rect","x":249,"y":203,"width":1528,"height":471},"region_attributes":{"name":"bounding box\n"}}],"file_attributes":{}},"92.jpg229623":{"filename":"92.jpg","size":229623,"regions":[{"shape_attributes":{"name":"polyline","all_points_x":[1124,1009,997,813,746,682,614,631,705,783,906,985,1049,1115],"all_points_y":[498,376,302,260,270,332,412,508,531,533,533,525,520,494]},"region_attributes":{"name":"smoke\n"}},{"shape_attributes":{"name":"rect","x":585,"y":221,"width":565,"height":346},"region_attributes":{"name":"bounding box\n\n"}}],"file_attributes":{}},"93.jpg222849":{"filename":"93.jpg","size":222849,"regions":[{"shape_attributes":{"name":"polyline","all_points_x":[1108,1064,1028,960,906,825,802,774,838,850,904,920,927,944,963,985,1023,1057,1095,1110],"all_points_y":[491,445,394,369,379,300,300,385,468,524,529,491,497,514,517,504,522,497,497,487]},"region_attributes":{"name":"smoke\n"}},{"shape_attributes":{"name":"rect","x":734,"y":257,"width":402,"height":311},"region_attributes":{"name":"bounding box\n"}}],"file_attributes":{}},"94.jpg322512":{"filename":"94.jpg","size":322512,"regions":[{"shape_attributes":{"name":"polyline","all_points_x":[825,787,776,739,728,708,629,622,660,682,673,692,682,715,636,491,431,469,1790,1913,1908,1790,1694,1670,1630,1630,1742,1701,1442,1314,1110,970,822],"all_points_y":[706,667,636,636,636,603,502,476,369,349,204,145,114,59,35,173,119,5,3,3,165,212,219,306,469,639,629,738,856,812,777,748,706]},"region_attributes":{"name":"smoke\n"}},{"shape_attributes":{"name":"rect","x":361,"y":2,"width":1553,"height":863},"region_attributes":{"name":"bounding box\n"}}],"file_attributes":{}},"95.jpg379510":{"filename":"95.jpg","size":379510,"regions":[{"shape_attributes":{"name":"polyline","all_points_x":[550,513,483,555,513,520,614,707,717,629,660,778,778,783,810,977,995,977,1046,1063,1151,1164,1127,1129,1137,1230,1274,1247,1164,1130,1262,1426,1714,1905,1913,1912,550],"all_points_y":[7,81,196,179,280,327,371,371,442,506,533,506,619,663,704,756,756,725,752,768,779,732,693,631,604,673,663,569,410,267,229,317,187,81,61,5,7]},"region_attributes":{"name":"smoke\n"}},{"shape_attributes":{"name":"rect","x":358,"y":0,"width":1562,"height":791},"region_attributes":{"name":"bounding box\n"}}],"file_attributes":{}},"96.jpg397956":{"filename":"96.jpg","size":397956,"regions":[{"shape_attributes":{"name":"polyline","all_points_x":[764,759,734,725,752,742,680,607,607,442,329,337,1623,1917,1915,1628,1319,1124,1119,984,1038,1076,1117,1205,1213,1230,1218,1157,1166,1039,887,810,764],"all_points_y":[695,665,641,560,545,488,486,349,280,277,81,5,5,3,179,224,283,282,385,457,565,633,557,513,634,683,707,704,778,758,727,710,695]},"region_attributes":{"name":"smoke\n"}},{"shape_attributes":{"name":"rect","x":258,"y":7,"width":1648,"height":786},"region_attributes":{"name":"bounding box\n"}}],"file_attributes":{}},"97.jpg396276":{"filename":"97.jpg","size":396276,"regions":[{"shape_attributes":{"name":"polyline","all_points_x":[1187,1047,958,965,916,825,808,835,872,756,676,563,30,37,116,182,369,454,508,504,562,649,750,838,963,1108,1167,1184],"all_points_y":[624,606,648,597,537,405,342,201,88,47,27,3,7,160,243,326,364,386,398,499,555,648,671,719,756,774,785,626]},"region_attributes":{"name":"smoke\n"}},{"shape_attributes":{"name":"rect","x":29,"y":7,"width":1311,"height":801},"region_attributes":{"name":"bounding box\n"}},{"shape_attributes":{"name":"rect","x":1547,"y":781,"width":2,"height":2},"region_attributes":{"name":""}},{"shape_attributes":{"name":"rect","x":1187,"y":993,"width":36,"height":0},"region_attributes":{"name":""}}],"file_attributes":{}},"98.jpg357917":{"filename":"98.jpg","size":357917,"regions":[{"shape_attributes":{"name":"polyline","all_points_x":[772,907,1004,1052,1248,1251,1410,1426,1573,1630,1423,1286,1247,1064,939,848,767],"all_points_y":[680,557,426,356,422,450,461,438,535,621,672,725,797,762,744,721,680]},"region_attributes":{"name":"smoke\n"}},{"shape_attributes":{"name":"rect","x":728,"y":343,"width":968,"height":466},"region_attributes":{"name":"bounding box\n"}}],"file_attributes":{}},"99.jpg629128":{"filename":"99.jpg","size":629128,"regions":[{"shape_attributes":{"name":"polyline","all_points_x":[1122,1076,1041,793,442,783,877,943,914,923,980,1016,1056,1097,1129,1119],"all_points_y":[523,459,341,12,12,381,439,499,515,542,565,548,567,557,553,520]},"region_attributes":{"name":"smoke\n"}},{"shape_attributes":{"name":"rect","x":380,"y":5,"width":891,"height":584},"region_attributes":{"name":"bounding box\n"}}],"file_attributes":{}},"100.jpg627785":{"filename":"100.jpg","size":627785,"regions":[{"shape_attributes":{"name":"polyline","all_points_x":[1159,1070,1032,1044,975,911,914,838,886,841,860,929,978,1042,1060,1118,1159],"all_points_y":[540,512,422,347,232,257,303,369,456,501,535,568,545,571,593,571,537]},"region_attributes":{"name":"smoke\n"}},{"shape_attributes":{"name":"rect","x":766,"y":231,"width":428,"height":385},"region_attributes":{"name":"bounding box\n"}}],"file_attributes":{}},"101.jpg435322":{"filename":"101.jpg","size":435322,"regions":[{"shape_attributes":{"name":"polyline","all_points_x":[575,614,673,682,858,965,1090,1156,1915,1915,1913,1775,1681,1545,1457,1294,1200,1064,1047,927,873,685,757,634,581,570],"all_points_y":[422,343,339,158,100,155,104,3,3,68,303,356,403,435,346,395,478,566,631,583,598,532,492,441,441,417]},"region_attributes":{"name":"smoke\n"}},{"shape_attributes":{"name":"rect","x":535,"y":7,"width":1385,"height":637},"region_attributes":{"name":"bounding box\n"}}],"file_attributes":{}},"102.jpg459284":{"filename":"102.jpg","size":459284,"regions":[{"shape_attributes":{"name":"polyline","all_points_x":[481,456,476,516,548,587,626,731,795,815,812,852,881,928,1913,1908,1745,1468,1287,1161,1147,1147,1026,928,859,712,741,634,562,540,479],"all_points_y":[391,371,265,263,290,275,297,255,177,170,121,88,98,7,8,378,369,383,371,418,486,510,570,582,591,528,481,439,439,418,391]},"region_attributes":{"name":"smoke\n"}},{"shape_attributes":{"name":"rect","x":391,"y":0,"width":1529,"height":614},"region_attributes":{"name":"bounding box\n"}}],"file_attributes":{}},"103.jpg303367":{"filename":"103.jpg","size":303367,"regions":[{"shape_attributes":{"name":"polyline","all_points_x":[368,400,405,474,440,513,666,746,832,1090,1154,1562,1642,1581,1780,1817,1537,1405,1242,1112,908,832,800,614,668,584,477,368],"all_points_y":[666,619,587,550,542,395,278,165,229,44,0,5,121,310,316,439,607,609,719,796,887,877,877,823,776,744,717,666]},"region_attributes":{"name":"smoke\n"}},{"shape_attributes":{"name":"rect","x":329,"y":5,"width":1518,"height":913},"region_attributes":{"name":"bounding box\n"}}],"file_attributes":{}},"104.jpg297860":{"filename":"104.jpg","size":297860,"regions":[{"shape_attributes":{"name":"polyline","all_points_x":[243,267,260,289,289,429,537,675,761,833,879,980,1130,1208,1272,1340,1448,1277,1098,1026,967,904,822,639,680,552,445,305,240],"all_points_y":[665,506,415,395,241,326,241,277,331,317,148,7,110,29,44,174,253,429,533,628,663,852,893,830,781,739,710,677,663]},"region_attributes":{"name":"smoke\n"}},{"shape_attributes":{"name":"rect","x":133,"y":8,"width":1385,"height":909},"region_attributes":{"name":"bounding box\n"}}],"file_attributes":{}},"105.jpg284012":{"filename":"105.jpg","size":284012,"regions":[{"shape_attributes":{"name":"polyline","all_points_x":[751,1065,1263,1250,1339,1451,1607,1729,1876,1892,1894,1678,1599,1428,1322,886,675],"all_points_y":[524,527,376,289,134,62,96,208,301,306,725,786,806,778,711,647,647]},"region_attributes":{"name":"smoke\n"}},{"shape_attributes":{"name":"polyline","all_points_x":[753,682],"all_points_y":[522,641]},"region_attributes":{"name":""}},{"shape_attributes":{"name":"rect","x":632,"y":48,"width":1268,"height":782},"region_attributes":{"name":"bounding box\n"}}],"file_attributes":{}},"106.jpg274441":{"filename":"106.jpg","size":274441,"regions":[{"shape_attributes":{"name":"polyline","all_points_x":[970,955,989,990,899,832,813,697,655,467,300,321,0,3,148,329,523,747,773,685,688,599,503,538,739,930,994],"all_points_y":[665,582,494,310,282,283,202,240,199,229,154,71,2,348,447,474,474,402,410,508,609,612,665,736,709,688,673]},"region_attributes":{"name":"smoke\n"}},{"shape_attributes":{"name":"rect","x":13,"y":7,"width":1056,"height":771},"region_attributes":{"name":"bounding box\n"}}],"file_attributes":{}},"107.jpg314554":{"filename":"107.jpg","size":314554,"regions":[{"shape_attributes":{"name":"polyline","all_points_x":[978,981,904,873,835,617,502,293,207,267,400,573,797,955,980],"all_points_y":[672,581,507,537,478,481,453,534,677,757,777,731,698,680,673]},"region_attributes":{"name":"smoke\n"}},{"shape_attributes":{"name":"rect","x":198,"y":402,"width":851,"height":397},"region_attributes":{"name":"bounding box\n"}}],"file_attributes":{}},"108.jpg504582":{"filename":"108.jpg","size":504582,"regions":[{"shape_attributes":{"name":"polyline","all_points_x":[800,743,759,749,825,810,784,853,774,800,703,560,530,519,578,596,627,538,517,517,550,571,613,649,731,797],"all_points_y":[787,738,613,527,466,384,341,231,171,71,3,3,87,193,282,387,474,545,631,654,723,731,759,777,784,790]},"region_attributes":{"name":"smoke\n"}},{"shape_attributes":{"name":"rect","x":375,"y":3,"width":514,"height":815},"region_attributes":{"name":"bounding box\n"}}],"file_attributes":{}},"109.jpg473904":{"filename":"109.jpg","size":473904,"regions":[{"shape_attributes":{"name":"polyline","all_points_x":[670,538,520,571,469,420,405,935,950,1067,1123,1144,1146,1064,1000,1004,886,874,858,853,807,840,664],"all_points_y":[771,693,568,417,293,69,0,0,53,117,191,239,321,370,471,525,522,598,637,723,744,790,766]},"region_attributes":{"name":"smoke\n"}},{"shape_attributes":{"name":"rect","x":303,"y":3,"width":912,"height":800},"region_attributes":{"name":"bounding box\n"}}],"file_attributes":{}},"110.jpg484056":{"filename":"110.jpg","size":484056,"regions":[{"shape_attributes":{"name":"polyline","all_points_x":[799,739,672,761,734,797,807,734,718,0,5,234,425,478,576,655,759,794,794],"all_points_y":[733,627,599,557,430,303,191,138,2,5,606,690,716,725,753,779,784,781,725]},"region_attributes":{"name":"smoke\n"}},{"shape_attributes":{"name":"rect","x":8,"y":13,"width":871,"height":774},"region_attributes":{"name":"bounding box\n"}}],"file_attributes":{}},"111.jpg439570":{"filename":"111.jpg","size":439570,"regions":[{"shape_attributes":{"name":"polyline","all_points_x":[588,583,535,550,585,637,621,645,660,578,557,593,632,522,464,1179,1158,1189,1146,1116,1062,1059,1032,1016,967,901,850,652,593],"all_points_y":[774,728,705,654,670,654,588,540,463,344,263,147,119,91,12,5,61,150,196,237,375,514,593,725,762,718,800,774,777]},"region_attributes":{"name":"smoke\n"}},{"shape_attributes":{"name":"rect","x":366,"y":3,"width":929,"height":813},"region_attributes":{"name":"bounding box\n"}}],"file_attributes":{}},"112.jpg361687":{"filename":"112.jpg","size":361687,"regions":[{"shape_attributes":{"name":"polyline","all_points_x":[899,845,754,484,451,708,800,838,901],"all_points_y":[512,461,408,407,468,481,512,519,514]},"region_attributes":{"name":"smoke\n\n"}},{"shape_attributes":{"name":"rect","x":428,"y":392,"width":512,"height":138},"region_attributes":{"name":"bounding box\n"}}],"file_attributes":{}},"113.jpg579591":{"filename":"113.jpg","size":579591,"regions":[{"shape_attributes":{"name":"polyline","all_points_x":[1130,1037,998,904,873,853,637,529,466,392,374,506,522,557,580,3,3,25,89,273,380,510,616,785,891,1032,1057,1097,1123,1120],"all_points_y":[914,815,718,698,553,501,428,441,479,372,315,313,313,166,0,7,291,537,711,809,736,817,861,899,912,952,960,937,945,902]},"region_attributes":{"name":"smoke\n"}},{"shape_attributes":{"name":"rect","x":0,"y":2,"width":1199,"height":968},"region_attributes":{"name":"bounding box\n"}}],"file_attributes":{}},"114.jpg744380":{"filename":"114.jpg","size":744380,"regions":[{"shape_attributes":{"name":"polyline","all_points_x":[1411,1349,1275,1107,1350,398,519,583,603,464,326,280,194,68,273,481,514,743,922,1075,1344,1410],"all_points_y":[827,670,412,303,3,0,226,283,315,329,392,514,545,614,673,823,802,777,769,802,856,823]},"region_attributes":{"name":"smoke\n"}},{"shape_attributes":{"name":"rect","x":44,"y":7,"width":1485,"height":864},"region_attributes":{"name":"bounding box\n"}}],"file_attributes":{}},"115.jpg956881":{"filename":"115.jpg","size":956881,"regions":[{"shape_attributes":{"name":"polyline","all_points_x":[319,328,440,446,372,672,873,980,1130,1388,1452,1411,1189,1036,948,912,833,789,731,650,566,494,398,268,128,0,2,321],"all_points_y":[3,79,150,259,326,382,453,524,397,392,413,706,715,785,785,766,771,794,777,785,695,657,637,672,632,586,3,7]},"region_attributes":{"name":"smoke\n"}},{"shape_attributes":{"name":"rect","x":3,"y":7,"width":1533,"height":823},"region_attributes":{"name":"bounding box\n"}}],"file_attributes":{}},"116.jpg728041":{"filename":"116.jpg","size":728041,"regions":[{"shape_attributes":{"name":"polyline","all_points_x":[1186,1024,897,792,757,802,721,7,5,254,446,669,799,925,1151,1209,1174],"all_points_y":[609,540,450,431,341,194,0,3,930,1024,922,906,841,685,669,636,601]},"region_attributes":{"name":"smoke\n"}},{"shape_attributes":{"name":"rect","x":3,"y":3,"width":1330,"height":1031},"region_attributes":{"name":"bounding box\n"}}],"file_attributes":{}},"117.jpg235879":{"filename":"117.jpg","size":235879,"regions":[{"shape_attributes":{"name":"polyline","all_points_x":[1400,1373,1380,1358,1330,1115,883,1227,1291,1401],"all_points_y":[810,774,744,741,764,632,789,804,817,815]},"region_attributes":{"name":"smoke\n"}},{"shape_attributes":{"name":"rect","x":860,"y":609,"width":563,"height":255},"region_attributes":{"name":"bounding box\n"}}],"file_attributes":{}},"118.jpg410837":{"filename":"118.jpg","size":410837,"regions":[{"shape_attributes":{"name":"polyline","all_points_x":[991,952,930,774,748,777,960,991,991],"all_points_y":[542,461,456,308,339,395,557,553,537]},"region_attributes":{"name":"smoke\n"}},{"shape_attributes":{"name":"rect","x":721,"y":263,"width":285,"height":331},"region_attributes":{"name":"bounding box\n"}}],"file_attributes":{}},"119.jpg241906":{"filename":"119.jpg","size":241906,"regions":[{"shape_attributes":{"name":"polyline","all_points_x":[1024,958,930,922,896,879,813,787,751,688,631,576,448,305,300,359,361,389,644,734,813,869,906,998,1024],"all_points_y":[837,787,721,703,697,670,647,652,613,566,560,380,303,352,454,435,540,566,698,731,718,744,822,855,841]},"region_attributes":{"name":"smoke\n"}},{"shape_attributes":{"name":"rect","x":234,"y":221,"width":843,"height":697},"region_attributes":{"name":"bounding box\n"}}],"file_attributes":{}},"120.jpg247339":{"filename":"120.jpg","size":247339,"regions":[{"shape_attributes":{"name":"polyline","all_points_x":[1531,1479,1464,1370,1334,1200,1083,998,942,853,690,603,576,450,464,641,754,940,1163,1251,1337,1436,1536,1531],"all_points_y":[586,570,530,514,461,389,338,329,382,390,296,323,349,310,593,578,581,591,614,645,619,609,599,588]},"region_attributes":{"name":"smoke\n"}},{"shape_attributes":{"name":"rect","x":451,"y":259,"width":1149,"height":395},"region_attributes":{"name":"bounding box\n"}}],"file_attributes":{}},"121.jpg344868":{"filename":"121.jpg","size":344868,"regions":[{"shape_attributes":{"name":"polyline","all_points_x":[743,827,863,958,983,952,970,1051,1116,1167,1139,1204,1332,1406,1913,1912,1836,1785,1724,1426,1128,858,743],"all_points_y":[565,474,369,405,387,356,273,237,277,186,137,97,66,3,5,441,464,506,583,603,593,586,565]},"region_attributes":{"name":"smoke\n"}},{"shape_attributes":{"name":"rect","x":716,"y":12,"width":1192,"height":611},"region_attributes":{"name":"bounding box\n"}}],"file_attributes":{}},"122.jpg389986":{"filename":"122.jpg","size":389986,"regions":[{"shape_attributes":{"name":"polyline","all_points_x":[138,278,380,356,447,496,624,769,872,1913,1907,1799,1638,1589,1495,1311,1144,1070,920,641,334,219,145],"all_points_y":[513,410,339,211,179,123,37,42,0,7,201,160,307,337,415,390,425,531,553,548,540,531,518]},"region_attributes":{"name":"smoke\n"}},{"shape_attributes":{"name":"rect","x":40,"y":7,"width":1868,"height":582},"region_attributes":{"name":"bounding box\n"}}],"file_attributes":{}},"123.jpg323034":{"filename":"123.jpg","size":323034,"regions":[{"shape_attributes":{"name":"polyline","all_points_x":[1009,960,928,876,790,764,790,781,712,705,575,430,226,201,322,359,408,511,580,719,817,921,972,1012],"all_points_y":[503,486,454,488,484,425,398,364,358,418,425,342,324,383,395,385,445,494,525,538,520,525,525,503]},"region_attributes":{"name":"smoke\n"}},{"shape_attributes":{"name":"rect","x":182,"y":304,"width":925,"height":256},"region_attributes":{"name":"bounding box\n"}}],"file_attributes":{}},"124.jpg344028":{"filename":"124.jpg","size":344028,"regions":[{"shape_attributes":{"name":"polyline","all_points_x":[958,886,813,721,636,558,520,418,426,537,598,728,820,953,960],"all_points_y":[519,458,441,479,464,473,423,428,481,514,534,540,512,537,519]},"region_attributes":{"name":"smoke\n"}},{"shape_attributes":{"name":"rect","x":398,"y":402,"width":586,"height":168},"region_attributes":{"name":"bounding box\n"}}],"file_attributes":{}},"125.jpg329301":{"filename":"125.jpg","size":329301,"regions":[{"shape_attributes":{"name":"polyline","all_points_x":[380,415,667,795,827,636,593,636,1640,1615,1622,1915,1920,1502,1163,983,873,802,781,766,677,655,603,479,417,395,333,245,188,181,224,384],"all_points_y":[346,445,431,356,219,239,110,7,2,46,89,96,489,507,501,514,534,573,558,527,568,552,593,586,581,552,578,557,529,385,306,344]},"region_attributes":{"name":"smoke\n"}},{"shape_attributes":{"name":"rect","x":69,"y":7,"width":1849,"height":639},"region_attributes":{"name":"bounding box\n"}}],"file_attributes":{}}}