{"126.jpg117596":{"filename":"126.jpg","size":117596,"regions":[{"shape_attributes":{"name":"polyline","all_points_x":[993,968,924,906,957,981,1004,991],"all_points_y":[547,514,532,501,486,486,537,542]},"region_attributes":{"name":"smoke"}},{"shape_attributes":{"name":"rect","x":897,"y":474,"width":114,"height":84},"region_attributes":{"name":"bounding box\n"}}],"file_attributes":{}},"127.jpg111046":{"filename":"127.jpg","size":111046,"regions":[{"shape_attributes":{"name":"polyline","all_points_x":[1024,920,729,729,899,1032,1023],"all_points_y":[534,530,540,560,568,557,530]},"region_attributes":{"name":"smoke\n"}},{"shape_attributes":{"name":"rect","x":700,"y":502,"width":352,"height":87},"region_attributes":{"name":"bounding box\n"}}],"file_attributes":{}},"128.jpg109748":{"filename":"128.jpg","size":109748,"regions":[{"shape_attributes":{"name":"polyline","all_points_x":[1166,1069,998,975,1042,1125,1194,1191,1163],"all_points_y":[538,548,527,538,580,576,562,540,540]},"region_attributes":{"name":"smoke\n"}},{"shape_attributes":{"name":"rect","x":953,"y":504,"width":265,"height":97},"region_attributes":{"name":"bounding box\n"}}],"file_attributes":{}},"129.jpg189315":{"filename":"129.jpg","size":189315,"regions":[{"shape_attributes":{"name":"polyline","all_points_x":[930,827,713,575,453,542,621,708,748,879,820,672,604,570,700,851,911,934],"all_points_y":[586,540,525,575,586,636,654,660,675,659,626,626,642,617,586,599,608,590]},"region_attributes":{"name":"smoke\n"}},{"shape_attributes":{"name":"rect","x":436,"y":517,"width":542,"height":168},"region_attributes":{"name":"bounding box\n"}}],"file_attributes":{}},"130.jpg200472":{"filename":"130.jpg","size":200472,"regions":[{"shape_attributes":{"name":"polyline","all_points_x":[922,777,662,517,557,683,813,902,930,920],"all_points_y":[571,540,560,617,636,593,593,601,598,573]},"region_attributes":{"name":"smoke\n"}},{"shape_attributes":{"name":"rect","x":512,"y":524,"width":438,"height":133},"region_attributes":{"name":"bounding box\n"}}],"file_attributes":{}},"131.jpg186358":{"filename":"131.jpg","size":186358,"regions":[{"shape_attributes":{"name":"polyline","all_points_x":[927,894,858,781,751,731,690,700,672,578,558,525,538,576,669,767,784,815,856,879,920,929],"all_points_y":[594,532,491,463,501,481,499,524,542,517,499,540,593,637,606,599,558,560,580,606,604,596]},"region_attributes":{"name":"smoke\n"}},{"shape_attributes":{"name":"rect","x":497,"y":443,"width":474,"height":212},"region_attributes":{"name":"bounding box\n"}}],"file_attributes":{}},"132.jpg188050":{"filename":"132.jpg","size":188050,"regions":[{"shape_attributes":{"name":"polyline","all_points_x":[932,886,879,904,894,761,734,703,698,639,517,481,450,450,471,530,570,669,764,874,934,927],"all_points_y":[580,558,534,504,487,445,486,486,461,459,468,482,482,520,558,583,593,603,603,609,606,580]},"region_attributes":{"name":"smoke\n"}},{"shape_attributes":{"name":"rect","x":431,"y":425,"width":525,"height":217},"region_attributes":{"name":"bbox\n"}}],"file_attributes":{}},"133.jpg156362":{"filename":"133.jpg","size":156362,"regions":[{"shape_attributes":{"name":"polyline","all_points_x":[957,787,730,624,542,368,239,83,91,147,272,377,453,532,769,783,896,967,954],"all_points_y":[583,443,453,479,504,501,496,520,573,586,571,575,590,622,586,586,613,586,578]},"region_attributes":{"name":"smoke\n"}},{"shape_attributes":{"name":"rect","x":49,"y":425,"width":948,"height":260},"region_attributes":{"name":"bounding box\n"}}],"file_attributes":{}},"134.jpg169708":{"filename":"134.jpg","size":169708,"regions":[{"shape_attributes":{"name":"polyline","all_points_x":[10,626,734,708,813,896,958,995,1044,1149,1176,1209,1395,1441,1457,1431,1191,1036,1046,1014,920,553,181,7,16],"all_points_y":[454,451,415,385,324,303,193,186,86,84,84,140,112,147,267,305,285,367,405,593,613,580,560,565,453]},"region_attributes":{"name":"smoke\n"}},{"shape_attributes":{"name":"rect","x":3,"y":41,"width":1512,"height":632},"region_attributes":{"name":"bounding box\n"}}],"file_attributes":{}},"135.jpg188779":{"filename":"135.jpg","size":188779,"regions":[{"shape_attributes":{"name":"polyline","all_points_x":[807,813,481,252,13,2,214,374,558,669,695,812,848,1049,1314,1360,1382,1564,1658,1816,1824,1905,1913,1591,1177,1108,1044,1044,920,807],"all_points_y":[586,575,558,566,580,346,367,405,395,362,296,268,303,231,143,117,137,68,3,7,99,100,318,310,380,468,552,580,619,590]},"region_attributes":{"name":"smoke\n"}},{"shape_attributes":{"name":"rect","x":3,"y":5,"width":1917,"height":621},"region_attributes":{"name":"bounding box\n"}}],"file_attributes":{}},"136.jpg176251":{"filename":"136.jpg","size":176251,"regions":[{"shape_attributes":{"name":"polyline","all_points_x":[1424,1434,1360,1279,1216,1319,1451,1112,692,273,10,10,246,623,820,806,935,1097,1287,1431],"all_points_y":[626,585,533,543,452,339,265,245,337,439,413,496,537,504,545,584,616,567,591,626]},"region_attributes":{"name":"smoke\n"}},{"shape_attributes":{"name":"rect","x":2,"y":177,"width":1517,"height":498},"region_attributes":{"name":"bounding box\n"}}],"file_attributes":{}},"137.jpg153292":{"filename":"137.jpg","size":153292,"regions":[{"shape_attributes":{"name":"polyline","all_points_x":[782,978,1036,1118,1255,1304,1342,1391,1352,1464,1466,1525,1612,1689,1757,1820,1910,1915,1833,1698,1671,1531,1467,1303,1161,1064,1009,963,922,772],"all_points_y":[578,530,543,510,502,448,448,417,333,280,247,163,214,183,199,163,198,458,501,448,474,532,581,596,573,575,608,609,619,580]},"region_attributes":{"name":"smoke\n"}},{"shape_attributes":{"name":"rect","x":734,"y":130,"width":1179,"height":530},"region_attributes":{"name":"bounding box\n"}}],"file_attributes":{}},"138.jpg161220":{"filename":"138.jpg","size":161220,"regions":[{"shape_attributes":{"name":"polyline","all_points_x":[785,817,840,1161,1338,1399,1448,1527,1566,1596,1571,1596,1618,1664,1706,1787,1891,1891,1915,1912,1785,1604,1405,1277,1122,1006,908,783],"all_points_y":[582,545,558,479,457,457,353,344,403,353,331,283,290,258,277,174,189,294,292,601,638,646,596,579,580,601,621,584]},"region_attributes":{"name":"smoke\n"}},{"shape_attributes":{"name":"rect","x":761,"y":142,"width":1152,"height":518},"region_attributes":{"name":"bounding box\n"}}],"file_attributes":{}},"139.jpg197654":{"filename":"139.jpg","size":197654,"regions":[{"shape_attributes":{"name":"polyline","all_points_x":[346,418,506,534,591,626,683,720,685,748,771,795,846,958,1103,1148,1138,1215,1398,1482,1657,1647,1683,1801,1540,1327,1169,932,739,617,542,476,387,349],"all_points_y":[576,501,530,538,537,395,375,418,451,448,448,395,347,352,380,366,328,252,181,259,242,313,400,515,510,606,614,613,588,606,614,591,581,575]},"region_attributes":{"name":"smoke\n"}},{"shape_attributes":{"name":"rect","x":336,"y":143,"width":1475,"height":502},"region_attributes":{"name":"bounding box\n"}}],"file_attributes":{}},"140.jpg216362":{"filename":"140.jpg","size":216362,"regions":[{"shape_attributes":{"name":"polyline","all_points_x":[326,368,354,454,557,557,668,680,717,725,700,719,749,773,758,793,734,1829,1812,1670,1353,1269,1313,1434,1579,1556,1245,1120,968,702,471,403,427,461,435,351,324],"all_points_y":[607,506,459,371,336,292,280,310,312,268,240,206,223,187,155,101,7,2,229,262,263,358,516,553,574,697,628,626,688,705,715,663,607,567,523,601,607]},"region_attributes":{"name":"smoke\n"}},{"shape_attributes":{"name":"rect","x":181,"y":5,"width":1517,"height":729},"region_attributes":{"name":"bounding box\n"}}],"file_attributes":{}},"141.jpg230706":{"filename":"141.jpg","size":230706,"regions":[{"shape_attributes":{"name":"polyline","all_points_x":[186,341,349,423,484,464,464,597,612,677,752,818,893,1014,1081,1211,1434,1475,1647,1616,1493,1161,1134,1076,1122,1223,1365,1402,1475,1454,1137,1073,958,850,693,489,368,275,240,348,413,255,179],"all_points_y":[650,591,472,445,484,521,533,474,380,378,273,256,305,272,314,233,83,0,0,270,316,317,321,418,543,601,574,666,731,763,709,682,675,724,736,756,779,803,785,709,655,668,648]},"region_attributes":{"name":"smoke\n"}},{"shape_attributes":{"name":"rect","x":111,"y":10,"width":1547,"height":806},"region_attributes":{"name":"bounding box\n"}}],"file_attributes":{}},"142.jpg218631":{"filename":"142.jpg","size":218631,"regions":[{"shape_attributes":{"name":"polyline","all_points_x":[1031,1082,1126,1156,1130,1107,995,925,883,774,242,214,1034],"all_points_y":[3,170,188,224,257,346,435,466,501,621,609,3,7]},"region_attributes":{"name":"smoke\n"}},{"shape_attributes":{"name":"rect","x":212,"y":2,"width":1011,"height":611},"region_attributes":{"name":"bounding box\n"}}],"file_attributes":{}},"143.jpg279885":{"filename":"143.jpg","size":279885,"regions":[{"shape_attributes":{"name":"polyline","all_points_x":[0,64,170,268,377,482,550,563,641,677,912,906,3,5],"all_points_y":[573,525,573,517,578,560,591,380,400,512,557,7,3,566]},"region_attributes":{"name":"smoke\n"}},{"shape_attributes":{"name":"rect","x":3,"y":5,"width":922,"height":632},"region_attributes":{"name":"bounding box\n"}}],"file_attributes":{}},"144.jpg262296":{"filename":"144.jpg","size":262296,"regions":[{"shape_attributes":{"name":"polyline","all_points_x":[687,695,771,911,975,1031,1156,1214,1459,1676,1757,1696,1739,688],"all_points_y":[1051,917,850,336,631,547,781,957,860,759,782,965,1049,1054]},"region_attributes":{"name":"smoke\n"}},{"shape_attributes":{"name":"rect","x":637,"y":329,"width":1135,"height":721},"region_attributes":{"name":"bounding box\n"}}],"file_attributes":{}},"145.jpg204044":{"filename":"145.jpg","size":204044,"regions":[{"shape_attributes":{"name":"polyline","all_points_x":[186,138,525,668,833,1039,1184,1529,1761,1758,828,731,680,671,89,3,8,37,187,177],"all_points_y":[19,197,332,378,250,321,391,342,447,628,879,658,685,887,790,746,61,2,7,32]},"region_attributes":{"name":"smoke\n"}},{"shape_attributes":{"name":"rect","x":5,"y":12,"width":1807,"height":893},"region_attributes":{"name":"bounding box\n"}}],"file_attributes":{}},"146.jpg154758":{"filename":"146.jpg","size":154758,"regions":[{"shape_attributes":{"name":"polyline","all_points_x":[37,94,231,508,779,1046,1201,1491,1719,1913,1915,1820,1817,37],"all_points_y":[7,187,322,427,525,616,739,801,925,1054,108,108,5,13]},"region_attributes":{"name":"smoke\n"}},{"shape_attributes":{"name":"rect","x":17,"y":8,"width":1896,"height":1054},"region_attributes":{"name":"bounding box\n"}}],"file_attributes":{}},"147.jpg78695":{"filename":"147.jpg","size":78695,"regions":[{"shape_attributes":{"name":"polyline","all_points_x":[270,322,292,314,294,339,341,381,484,462,520,822,786,926,720,646,591,545,469,429,386,363,289,265],"all_points_y":[587,543,471,449,398,366,283,238,253,147,12,10,81,224,444,391,439,429,477,481,545,577,594,589]},"region_attributes":{"name":"smoke\n"}},{"shape_attributes":{"name":"rect","x":159,"y":10,"width":815,"height":596},"region_attributes":{"name":"bounding box\n"}}],"file_attributes":{}},"148.jpg263387":{"filename":"148.jpg","size":263387,"regions":[{"shape_attributes":{"name":"polyline","all_points_x":[1115,1271,1256,1447,1447,1661,1671,1912,1912,1788,1689,1627,1535,1372,1242,1115,1115],"all_points_y":[471,492,211,156,10,7,94,100,652,655,776,782,683,685,552,519,479]},"region_attributes":{"name":"smoke\n"}},{"shape_attributes":{"name":"rect","x":1065,"y":8,"width":841,"height":797},"region_attributes":{"name":"bounding box\n"}}],"file_attributes":{}},"149.jpg275874":{"filename":"149.jpg","size":275874,"regions":[{"shape_attributes":{"name":"polyline","all_points_x":[1242,1291,1500,1559,1626,1667,1508,1508,1512,1913,1913,1814,1648,1552,1596,1574,1421,1281,1237],"all_points_y":[493,440,420,452,444,238,159,132,96,103,705,665,813,746,626,582,538,523,498]},"region_attributes":{"name":"smoke\n"}},{"shape_attributes":{"name":"rect","x":1220,"y":76,"width":700,"height":744},"region_attributes":{"name":"bounding box\n"}}],"file_attributes":{}},"150.jpg264990":{"filename":"150.jpg","size":264990,"regions":[{"shape_attributes":{"name":"polyline","all_points_x":[1103,1228,1441,1650,1726,1920,1913,1702,1583,1380,1208,1102],"all_points_y":[484,427,432,398,383,445,742,646,567,575,499,486]},"region_attributes":{"name":"smoke\n"}},{"shape_attributes":{"name":"rect","x":1071,"y":290,"width":844,"height":469},"region_attributes":{"name":"bounding box\n"}}],"file_attributes":{}},"151.jpg314318":{"filename":"151.jpg","size":314318,"regions":[{"shape_attributes":{"name":"polyline","all_points_x":[408,553,631,764,901,1078,1259,1363,1475,1662,1677,1559,1461,1416,1235,1183,1362,410],"all_points_y":[2,39,94,162,218,275,344,420,440,511,434,258,278,238,226,148,13,2]},"region_attributes":{"name":"smoke\n"}},{"shape_attributes":{"name":"rect","x":327,"y":3,"width":1412,"height":516},"region_attributes":{"name":"bounding box\n"}}],"file_attributes":{}},"152.jpg227792":{"filename":"152.jpg","size":227792,"regions":[{"shape_attributes":{"name":"polyline","all_points_x":[869,882,833,908,1243,1434,1610,1913,1915,1599,1434,1362,1151,1016,972,972,877,867],"all_points_y":[523,466,442,287,258,216,270,290,564,506,552,479,553,540,531,553,570,521]},"region_attributes":{"name":"smoke\n"}},{"shape_attributes":{"name":"rect","x":773,"y":179,"width":1146,"height":420},"region_attributes":{"name":"bounding box\n"}}],"file_attributes":{}},"153.jpg161646":{"filename":"153.jpg","size":161646,"regions":[{"shape_attributes":{"name":"polyline","all_points_x":[660,785,746,739,1016,1157,1238,1630,1910,1912,1611,1313,1066,947,758,658],"all_points_y":[596,538,513,425,398,445,452,472,548,580,634,643,621,618,602,601]},"region_attributes":{"name":"smoke\n"}},{"shape_attributes":{"name":"rect","x":641,"y":344,"width":1265,"height":329},"region_attributes":{"name":"bounding box\n"}}],"file_attributes":{}},"154.jpg170271":{"filename":"154.jpg","size":170271,"regions":[{"shape_attributes":{"name":"polyline","all_points_x":[932,907,828,751,613,517,431,278,3,5,156,290,425,581,716,838,927,929],"all_points_y":[461,428,466,415,398,285,204,125,63,334,398,446,484,512,538,538,514,459]},"region_attributes":{"name":"smoke\n"}},{"shape_attributes":{"name":"rect","x":3,"y":33,"width":985,"height":520},"region_attributes":{"name":"bounding box\n"}}],"file_attributes":{}},"155.jpg170538":{"filename":"155.jpg","size":170538,"regions":[{"shape_attributes":{"name":"polyline","all_points_x":[991,955,886,886,815,728,721,754,3,3,436,787,991],"all_points_y":[487,428,425,351,298,260,125,12,5,608,626,591,494]},"region_attributes":{"name":"smoke\n"}},{"shape_attributes":{"name":"rect","x":10,"y":5,"width":1056,"height":641},"region_attributes":{"name":"bounding box\n"}}],"file_attributes":{}},"156.jpg125048":{"filename":"156.jpg","size":125048,"regions":[{"shape_attributes":{"name":"polyline","all_points_x":[392,398,660,925,1235,1289,1414,1498,1475,1433,1314,1266,1212,1128,1123,1008,958,1235,1380,1584,1750,1907,1910,1907,1859,1736,1736,1093,698,387],"all_points_y":[283,659,650,675,720,726,680,664,626,637,529,529,474,512,441,501,441,341,306,277,300,245,135,105,130,137,8,3,217,285]},"region_attributes":{"name":"smoke1\n"}},{"shape_attributes":{"name":"polyline","all_points_x":[7,273,282,5,10],"all_points_y":[433,341,639,744,431]},"region_attributes":{"name":"smoke2\n"}},{"shape_attributes":{"name":"rect","x":385,"y":10,"width":1526,"height":781},"region_attributes":{"name":"bbox1\n"}},{"shape_attributes":{"name":"rect","x":3,"y":296,"width":283,"height":507},"region_attributes":{"name":"bbox2\n"}}],"file_attributes":{}},"157.jpg181874":{"filename":"157.jpg","size":181874,"regions":[{"shape_attributes":{"name":"polyline","all_points_x":[1202,1153,1042,1032,981,795,753,1092,1419,1834,1913,1910,1729,1732,3,3,242,370,482,725,858,889,967,1110,1205,1207,1202],"all_points_y":[599,562,553,487,473,492,392,290,267,224,219,125,135,7,3,598,527,624,665,708,751,753,683,665,626,613,599]},"region_attributes":{"name":"smoke\n"}},{"shape_attributes":{"name":"rect","x":10,"y":12,"width":1897,"height":746},"region_attributes":{"name":"bounding box\n"}}],"file_attributes":{}},"158.jpg153958":{"filename":"158.jpg","size":153958,"regions":[{"shape_attributes":{"name":"polyline","all_points_x":[1213,1151,1120,992,955,3,10,275,503,543,631,832,948,1009,1027,1097,1200,1215],"all_points_y":[619,562,351,263,0,3,457,506,450,607,695,746,742,693,663,665,648,623]},"region_attributes":{"name":"smoke\n"}},{"shape_attributes":{"name":"rect","x":12,"y":3,"width":1242,"height":752},"region_attributes":{"name":"bounding box\n"}}],"file_attributes":{}},"159.jpg241963":{"filename":"159.jpg","size":241963,"regions":[{"shape_attributes":{"name":"polyline","all_points_x":[1021,892,734,682,506,412,5,8,356,599,701,802,975,1023],"all_points_y":[438,354,331,305,361,361,428,540,514,525,540,517,540,441]},"region_attributes":{"name":"smoke\n"}},{"shape_attributes":{"name":"rect","x":3,"y":247,"width":1079,"height":369},"region_attributes":{"name":"bounding box\n"}}],"file_attributes":{}},"160.jpg248834":{"filename":"160.jpg","size":248834,"regions":[{"shape_attributes":{"name":"polyline","all_points_x":[7,339,634,706,881,1118,1248,1734,1734,1416,1240,1153,1103,991,935,827,843,804,729,471,240,7,3],"all_points_y":[321,334,263,184,102,77,0,0,122,194,250,382,497,534,540,520,501,459,474,494,510,461,323]},"region_attributes":{"name":"smoke\n"}},{"shape_attributes":{"name":"rect","x":5,"y":12,"width":1792,"height":535},"region_attributes":{"name":"bounding box\n"}}],"file_attributes":{}},"161.jpg243426":{"filename":"161.jpg","size":243426,"regions":[{"shape_attributes":{"name":"polyline","all_points_x":[17,525,1186,1407,1733,1731,1507,1417,1345,1414,1566,1635,1572,1365,1205,1017,940,813,901,741,479,285,7,7],"all_points_y":[368,253,71,10,0,101,128,209,305,432,445,511,528,488,483,523,547,520,459,466,479,526,547,373]},"region_attributes":{"name":"smoke\n"}},{"shape_attributes":{"name":"rect","x":12,"y":13,"width":1765,"height":564},"region_attributes":{"name":"bounding box\n"}}],"file_attributes":{}},"162.jpg203610":{"filename":"162.jpg","size":203610,"regions":[{"shape_attributes":{"name":"polyline","all_points_x":[803,913,1044,1090,1124,1292,1171,1279,1115,1119,1738,1738,1913,1900,1517,1434,1269,1139,965,805],"all_points_y":[504,489,425,417,359,331,231,86,86,10,0,135,127,534,507,462,474,493,557,503]},"region_attributes":{"name":"smoke\n"}},{"shape_attributes":{"name":"rect","x":746,"y":2,"width":1161,"height":599},"region_attributes":{"name":"bounding box\n"}}],"file_attributes":{}},"163.jpg176138":{"filename":"163.jpg","size":176138,"regions":[{"shape_attributes":{"name":"polyline","all_points_x":[781,1009,1261,1457,1563,1594,1472,1470,1731,1734,1852,1854,1913,1917,1742,1577,1423,1327,1182,1087,1042,975,787],"all_points_y":[509,448,422,316,259,143,97,7,3,135,125,3,5,445,514,509,481,466,497,545,529,553,509]},"region_attributes":{"name":"smoke\n"}},{"shape_attributes":{"name":"rect","x":759,"y":8,"width":1156,"height":576},"region_attributes":{"name":"bounding box\n"}}],"file_attributes":{}},"164.jpg239866":{"filename":"164.jpg","size":239866,"regions":[{"shape_attributes":{"name":"polyline","all_points_x":[798,1078,1247,1395,1448,1454,1626,1633,1728,1729,1858,1846,1900,1917,1917,1912,1788,1711,1652,1566,1478,1456,1382,1227,1076,957,791],"all_points_y":[511,439,378,290,292,229,169,47,81,137,132,78,88,115,358,513,528,533,520,510,499,494,494,484,526,550,513]},"region_attributes":{"name":"smoke\n"}},{"shape_attributes":{"name":"rect","x":756,"y":34,"width":1159,"height":553},"region_attributes":{"name":"bounding box\n"}}],"file_attributes":{}},"165.jpg203387":{"filename":"165.jpg","size":203387,"regions":[{"shape_attributes":{"name":"polyline","all_points_x":[778,1070,1198,1385,1394,1424,1434,1490,1562,1618,1638,1726,1782,1819,1847,1846,1880,1915,1907,1846,1623,1407,1235,1073,1022,968,779],"all_points_y":[511,440,425,324,398,398,366,349,219,233,194,160,218,132,128,61,22,27,471,516,523,511,504,535,535,553,510]},"region_attributes":{"name":"smoke\n"}},{"shape_attributes":{"name":"rect","x":752,"y":10,"width":1164,"height":580},"region_attributes":{"name":"bounding box\n"}}],"file_attributes":{}},"166.jpg229668":{"filename":"166.jpg","size":229668,"regions":[{"shape_attributes":{"name":"polyline","all_points_x":[756,813,851,967,985,1202,1227,1273,1326,1345,1403,1452,1466,1512,1545,1531,1607,1666,1729,1834,1857,1915,1915,1913,1543,1400,1344,1265,1176,1149,942,795,751,754],"all_points_y":[509,458,441,459,471,413,418,366,344,346,308,296,290,315,296,272,155,115,132,132,86,68,491,558,547,542,530,565,585,606,555,553,542,507]},"region_attributes":{"name":"smoke\n"}},{"shape_attributes":{"name":"rect","x":746,"y":20,"width":1167,"height":632},"region_attributes":{"name":"bounding box\n"}}],"file_attributes":{}},"167.jpg213204":{"filename":"167.jpg","size":213204,"regions":[{"shape_attributes":{"name":"polyline","all_points_x":[512,688,906,1032,1131,1242,1307,1350,1391,1449,1466,1545,1614,1683,1696,1729,1731,1844,1852,1917,1920,1658,1406,1299,1163,995,805,726,593,537,512],"all_points_y":[543,463,352,334,374,275,242,259,242,201,158,86,92,54,5,5,135,132,0,2,647,655,645,621,588,573,547,547,566,566,543]},"region_attributes":{"name":""}},{"shape_attributes":{"name":"rect","x":402,"y":7,"width":1508,"height":685},"region_attributes":{"name":""}}],"file_attributes":{}},"168.jpg231117":{"filename":"168.jpg","size":231117,"regions":[{"shape_attributes":{"name":"polyline","all_points_x":[1564,1633,1655,1554,1383,1116,897,807,736,743,1367,1390,1676,1136,835,781,1181,1248,5,7,216,216,366,366,3,3,82,206,379,440,685,853,925,957,1154,1275,1214,1507,1574],"all_points_y":[482,425,377,336,379,422,458,445,433,310,259,235,209,178,198,184,18,8,2,188,196,226,244,272,310,530,547,586,599,613,583,590,593,562,558,578,491,473,481]},"region_attributes":{"name":"smoke\n"}},{"shape_attributes":{"name":"rect","x":8,"y":3,"width":1716,"height":621},"region_attributes":{"name":"bounding box\n"}}],"file_attributes":{}},"169.jpg208915":{"filename":"169.jpg","size":208915,"regions":[{"shape_attributes":{"name":"polyline","all_points_x":[749,793,898,968,914,867,815,1729,1733,1846,1847,1915,1915,1578,1259,1078,923,896,845,747],"all_points_y":[579,498,476,402,202,47,3,7,138,137,0,7,540,587,585,543,624,596,596,580]},"region_attributes":{"name":"smoke\n"}},{"shape_attributes":{"name":"rect","x":528,"y":5,"width":1382,"height":636},"region_attributes":{"name":"bounding box\n"}}],"file_attributes":{}},"170.jpg253980":{"filename":"170.jpg","size":253980,"regions":[{"shape_attributes":{"name":"polyline","all_points_x":[736,777,800,846,886,894,976,1032,1118,1220,1219,1255,1219,1273,1326,1731,1737,1848,1852,1920,1913,1688,1591,1502,1291,1121,975,902,820,748,802,1036,1195,957,871,812,779,728,738],"all_points_y":[494,431,377,290,283,336,283,344,357,285,179,156,122,69,8,7,133,132,7,7,540,568,593,583,613,634,647,601,601,586,494,438,394,398,408,441,492,501,486]},"region_attributes":{"name":"smoke\n"}},{"shape_attributes":{"name":"rect","x":675,"y":3,"width":1238,"height":655},"region_attributes":{"name":"bounding box\n"}}],"file_attributes":{}},"171.jpg240526":{"filename":"171.jpg","size":240526,"regions":[{"shape_attributes":{"name":"polyline","all_points_x":[794,827,906,927,906,1011,1090,976,1734,1732,1839,1854,1917,1907,1612,1596,1515,1225,1041,909,892,789,837,902,902,930,935,1057,1111,1120,1167,1248,1321,1271,1161,1167,1098,1044,1021,1021,948,795],"all_points_y":[486,438,395,370,291,184,81,2,8,138,137,3,5,543,580,604,575,608,672,613,601,588,553,565,576,576,514,448,446,367,331,334,283,183,303,323,372,382,435,463,491,486]},"region_attributes":{"name":"smoke\n"}},{"shape_attributes":{"name":"rect","x":649,"y":5,"width":1263,"height":687},"region_attributes":{"name":"bounding box\n"}}],"file_attributes":{}},"172.jpg188951":{"filename":"172.jpg","size":188951,"regions":[{"shape_attributes":{"name":"polyline","all_points_x":[3,63,109,232,198,319,400,400,637,741,787,848,978,991,1330,1479,1581,1586,1638,1630,1683,1683,1737,1749,1864,1917,1913,1857,1848,1686,1334,1090,754,622,423,250,2,7],"all_points_y":[683,688,642,629,492,420,402,319,260,290,204,104,68,20,79,35,66,115,97,23,28,107,99,145,145,112,609,613,713,769,733,767,721,725,799,823,856,682]},"region_attributes":{"name":"smoke\n"}},{"shape_attributes":{"name":"rect","x":8,"y":5,"width":1910,"height":863},"region_attributes":{"name":"bounding box\n"}}],"file_attributes":{}},"173.jpg178657":{"filename":"173.jpg","size":178657,"regions":[{"shape_attributes":{"name":"polyline","all_points_x":[76,147,343,428,463,603,562,591,662,701,703,762,853,940,879,957,1023,1130,1228,1335,1446,1558,1652,1764,1913,1908,1492,1340,1083,967,843,670,446,262,206,148,158,76],"all_points_y":[766,660,591,586,622,606,520,507,514,481,415,407,453,454,356,300,324,170,125,122,196,188,291,375,433,764,736,782,744,726,764,822,853,881,884,813,764,762]},"region_attributes":{"name":"smoke\n"}},{"shape_attributes":{"name":"rect","x":25,"y":28,"width":1889,"height":884},"region_attributes":{"name":"bounding box\n"}}],"file_attributes":{}},"174.jpg184510":{"filename":"174.jpg","size":184510,"regions":[{"shape_attributes":{"name":"polyline","all_points_x":[69,186,338,461,438,565,774,924,925,1046,1148,1044,1731,1734,1852,1857,1910,1913,1694,1703,1729,1767,1915,1913,1452,991,892,637,385,242,77,201,282,234,63],"all_points_y":[756,698,519,506,380,316,405,408,263,211,150,7,7,137,132,8,10,203,234,328,329,254,244,771,790,726,741,823,850,883,837,781,787,756,757]},"region_attributes":{"name":"smoke\n\n"}},{"shape_attributes":{"name":"rect","x":40,"y":3,"width":1872,"height":901},"region_attributes":{"name":"bounding box\n"}}],"file_attributes":{}},"175.jpg300502":{"filename":"175.jpg","size":300502,"regions":[{"shape_attributes":{"name":"polyline","all_points_x":[525,547,588,583,627,654,751,751,715,700,662,1731,1731,1848,1849,1889,1843,1617,1304,1228,1088,929,797,753,530],"all_points_y":[537,450,422,369,323,209,128,82,82,33,5,5,138,140,21,26,448,501,454,506,482,443,463,496,540]},"region_attributes":{"name":"smoke\n"}},{"shape_attributes":{"name":"rect","x":346,"y":8,"width":1515,"height":535},"region_attributes":{"name":"bounding box\n"}}],"file_attributes":{}},"176.jpg297448":{"filename":"176.jpg","size":297448,"regions":[{"shape_attributes":{"name":"polyline","all_points_x":[78,140,231,267,351,553,584,624,624,655,796,886,1054,1731,1739,1844,1853,1888,1829,1662,1596,1326,1043,899,827,678,528,383,216,148,81,81],"all_points_y":[572,484,520,493,420,368,240,213,121,94,67,101,0,7,135,133,61,71,526,526,555,513,483,450,452,510,545,552,577,609,580,569]},"region_attributes":{"name":"smoke\n"}},{"shape_attributes":{"name":"rect","x":39,"y":3,"width":1859,"height":616},"region_attributes":{"name":"bounding box\n"}}],"file_attributes":{}},"177.jpg313843":{"filename":"177.jpg","size":313843,"regions":[{"shape_attributes":{"name":"polyline","all_points_x":[135,313,481,690,797,748,846,864,1731,1736,1848,1848,1880,1836,1461,1062,889,748,583,318,128],"all_points_y":[593,514,389,273,226,178,35,5,7,142,130,0,0,520,530,479,435,478,537,562,596]},"region_attributes":{"name":"smoke\n"}},{"shape_attributes":{"name":"rect","x":56,"y":3,"width":1851,"height":604},"region_attributes":{"name":"bounding box\n"}}],"file_attributes":{}},"178.jpg203587":{"filename":"178.jpg","size":203587,"regions":[{"shape_attributes":{"name":"polyline","all_points_x":[0,388,432,582,795,1093,1427,1750,1915,1913,1861,1854,1734,1728,3,3],"all_points_y":[936,742,644,553,552,533,477,434,412,2,7,142,142,7,10,935]},"region_attributes":{"name":"smoke\n"}},{"shape_attributes":{"name":"rect","x":8,"y":8,"width":1912,"height":936},"region_attributes":{"name":"bounding box\n"}}],"file_attributes":{}},"179.jpg295588":{"filename":"179.jpg","size":295588,"regions":[{"shape_attributes":{"name":"polyline","all_points_x":[1731,1731,1691,1554,1507,1311,1184,1171,1115,985,663,840,840,790,574,504,341,10,12,1736],"all_points_y":[5,64,35,62,47,96,209,278,265,341,398,511,601,705,786,871,1046,1039,0,0]},"region_attributes":{"name":"smoke\n"}},{"shape_attributes":{"name":"rect","x":17,"y":3,"width":1716,"height":1034},"region_attributes":{"name":"bounding box\n"}}],"file_attributes":{}},"180.jpg218026":{"filename":"180.jpg","size":218026,"regions":[{"shape_attributes":{"name":"polyline","all_points_x":[1598,1340,1105,994,806,1000,1135,1107,704,415,10,5,1674,1613,1578],"all_points_y":[174,196,137,170,216,307,442,641,580,646,965,3,5,175,175]},"region_attributes":{"name":"smoke\n"}},{"shape_attributes":{"name":"rect","x":8,"y":0,"width":1723,"height":985},"region_attributes":{"name":"bounding box\n"}}],"file_attributes":{}},"181.jpg163412":{"filename":"181.jpg","size":163412,"regions":[{"shape_attributes":{"name":"polyline","all_points_x":[375,489,582,702,805,1103,1276,1733,1733,1847,1854,1915,1913,1810,1716,1723,1765,1751,1556,1441,1431,1289,1151,1046,808,712,602,440,378],"all_points_y":[587,494,469,240,272,106,8,3,147,142,13,7,489,472,540,575,580,658,833,803,736,634,538,515,634,722,712,638,587]},"region_attributes":{"name":"smoke\n"}},{"shape_attributes":{"name":"rect","x":233,"y":0,"width":1669,"height":867},"region_attributes":{"name":"bounding box\n"}}],"file_attributes":{}},"182.jpg230000":{"filename":"182.jpg","size":230000,"regions":[{"shape_attributes":{"name":"polyline","all_points_x":[388,547,705,1009,1083,1095,1066,1039,920,773,643,624,565,543,417,388,388],"all_points_y":[663,634,501,272,268,688,690,641,587,641,653,651,704,749,707,707,663]},"region_attributes":{"name":"smoke1\n"}},{"shape_attributes":{"name":"rect","x":361,"y":221,"width":729,"height":621},"region_attributes":{"name":"bounding box1\n"}},{"shape_attributes":{"name":"polyline","all_points_x":[1260,1402,1436,1603,1908,1917,1743,1613,1571,1491,1367,1259,1259],"all_points_y":[321,270,148,157,246,548,479,469,461,498,467,562,316]},"region_attributes":{"name":"smoke2\n"}},{"shape_attributes":{"name":"rect","x":1260,"y":62,"width":660,"height":638},"region_attributes":{"name":"bounding box2\n"}}],"file_attributes":{}}}