{"201.jpg205032":{"filename":"201.jpg","size":205032,"regions":[{"shape_attributes":{"name":"polyline","all_points_x":[1693,1724,1685,1815,1813,1890,1913,1917,1831,1773,1704,1689],"all_points_y":[557,542,522,514,491,494,517,573,576,578,571,558]},"region_attributes":{"name":"smoke"}},{"shape_attributes":{"name":"rect","x":1685,"y":458,"width":229,"height":138},"region_attributes":{"name":"bbox\n"}}],"file_attributes":{}},"202.jpg205480":{"filename":"202.jpg","size":205480,"regions":[{"shape_attributes":{"name":"polyline","all_points_x":[1675,1711,1689,1795,1874,1917,1917,1852,1754,1673],"all_points_y":[552,540,491,481,466,517,570,568,568,553]},"region_attributes":{"name":"smoke\n"}},{"shape_attributes":{"name":"rect","x":1663,"y":435,"width":252,"height":150},"region_attributes":{"name":"bbox\n"}}],"file_attributes":{}},"203.jpg215626":{"filename":"203.jpg","size":215626,"regions":[{"shape_attributes":{"name":"polyline","all_points_x":[1657,1707,1691,1778,1773,1839,1888,1917,1917,1858,1778,1660],"all_points_y":[545,521,491,486,459,456,486,493,562,545,552,547]},"region_attributes":{"name":"smoke\n"}},{"shape_attributes":{"name":"rect","x":1655,"y":435,"width":263,"height":155},"region_attributes":{"name":"bbox\n"}}],"file_attributes":{}},"204.jpg211967":{"filename":"204.jpg","size":211967,"regions":[{"shape_attributes":{"name":"polyline","all_points_x":[1907,1864,1769,1680,1680,1727,1823,1861,1907,1920,1905],"all_points_y":[570,540,535,527,484,463,448,454,507,560,568]},"region_attributes":{"name":"smoke\n"}},{"shape_attributes":{"name":"rect","x":1670,"y":435,"width":244,"height":128},"region_attributes":{"name":"bbox\n"}}],"file_attributes":{}},"205.jpg205725":{"filename":"205.jpg","size":205725,"regions":[{"shape_attributes":{"name":"polyline","all_points_x":[1878,1777,1667,1579,1724,1827,1866,1890,1913,1917,1917,1871],"all_points_y":[570,528,547,481,457,447,469,508,526,540,572,570]},"region_attributes":{"name":"smoke\n"}},{"shape_attributes":{"name":"rect","x":1545,"y":408,"width":375,"height":201},"region_attributes":{"name":"bbox\n\n"}}],"file_attributes":{}},"206.jpg188861":{"filename":"206.jpg","size":188861,"regions":[{"shape_attributes":{"name":"polyline","all_points_x":[1901,1819,1739,1623,1583,1788,1841,1868,1915,1915,1900],"all_points_y":[580,547,520,553,459,439,494,486,523,574,579]},"region_attributes":{"name":"smoke\n"}},{"shape_attributes":{"name":"rect","x":1562,"y":430,"width":356,"height":157},"region_attributes":{"name":"bbox\n"}}],"file_attributes":{}},"207.jpg184175":{"filename":"207.jpg","size":184175,"regions":[{"shape_attributes":{"name":"polyline","all_points_x":[1782,1711,1537,1441,1515,1653,1758,1804,1819,1849,1893,1917,1846,1778],"all_points_y":[574,528,537,486,439,439,484,479,506,520,520,565,574,574]},"region_attributes":{"name":"smoke\n"}},{"shape_attributes":{"name":"rect","x":1441,"y":418,"width":474,"height":172},"region_attributes":{"name":"bbox\n\n"}}],"file_attributes":{}},"208.jpg261873":{"filename":"208.jpg","size":261873,"regions":[{"shape_attributes":{"name":"polyline","all_points_x":[39,138,305,515,602,634,634,771,752,874,619,302,56,37],"all_points_y":[553,528,511,456,381,381,417,359,434,467,513,550,585,553]},"region_attributes":{"name":"smoke\n"}},{"shape_attributes":{"name":"rect","x":27,"y":324,"width":893,"height":290},"region_attributes":{"name":"bbox\n"}}],"file_attributes":{}},"209.jpg237721":{"filename":"209.jpg","size":237721,"regions":[{"shape_attributes":{"name":"polyline","all_points_x":[31,163,313,319,608,772,935,995,1034,1115,1018,866,458,151,44,30],"all_points_y":[560,552,448,527,464,438,395,326,359,333,402,464,547,580,585,557]},"region_attributes":{"name":"smoke\n"}},{"shape_attributes":{"name":"rect","x":26,"y":290,"width":1120,"height":362},"region_attributes":{"name":"bbox\n"}}],"file_attributes":{}},"210.jpg229420":{"filename":"210.jpg","size":229420,"regions":[{"shape_attributes":{"name":"polyline","all_points_x":[754,996,1121,1275,1410,1332,1232,1215,957,739,524,290,105,506,693,762],"all_points_y":[482,417,410,316,339,369,380,441,491,509,540,553,555,494,461,479]},"region_attributes":{"name":"smoke\n"}},{"shape_attributes":{"name":"rect","x":74,"y":293,"width":1410,"height":339},"region_attributes":{"name":"bbox\n"}}],"file_attributes":{}},"211.jpg288500":{"filename":"211.jpg","size":288500,"regions":[{"shape_attributes":{"name":"polyline","all_points_x":[1403,1487,1492,1591,1577,1487,1442,1400],"all_points_y":[440,412,310,270,445,524,484,441]},"region_attributes":{"name":"smoke\n"}},{"shape_attributes":{"name":"rect","x":1393,"y":226,"width":250,"height":316},"region_attributes":{"name":"bbox\n"}}],"file_attributes":{}},"212.jpg271790":{"filename":"212.jpg","size":271790,"regions":[{"shape_attributes":{"name":"polyline","all_points_x":[1395,1424,1446,1487,1574,1614,1614,1561,1538,1456,1439,1396],"all_points_y":[428,380,331,362,402,415,461,454,504,520,463,426]},"region_attributes":{"name":"smoke\n"}},{"shape_attributes":{"name":"rect","x":1373,"y":300,"width":262,"height":259},"region_attributes":{"name":"bbox\n"}}],"file_attributes":{}},"213.jpg263023":{"filename":"213.jpg","size":263023,"regions":[{"shape_attributes":{"name":"polyline","all_points_x":[1390,1429,1538,1581,1545,1533,1492,1439,1386],"all_points_y":[422,310,407,435,494,519,491,491,422]},"region_attributes":{"name":"smoke\n"}},{"shape_attributes":{"name":"rect","x":1370,"y":283,"width":239,"height":263},"region_attributes":{"name":"bbox\n"}}],"file_attributes":{}},"214.jpg258749":{"filename":"214.jpg","size":258749,"regions":[{"shape_attributes":{"name":"polyline","all_points_x":[1391,1538,1607,1604,1536,1454,1401],"all_points_y":[400,283,354,441,501,520,392]},"region_attributes":{"name":"smoke\n"}},{"shape_attributes":{"name":"rect","x":1385,"y":244,"width":249,"height":303},"region_attributes":{"name":"bbox\n"}}],"file_attributes":{}},"215.jpg264987":{"filename":"215.jpg","size":264987,"regions":[{"shape_attributes":{"name":"polyline","all_points_x":[1077,1125,1215,1307,1294,1253,1222,1184,1149,1116,1075],"all_points_y":[491,440,405,392,448,422,441,510,474,537,487]},"region_attributes":{"name":"smoke1\n"}},{"shape_attributes":{"name":"polyline","all_points_x":[1390,1390,1406,1419,1431,1444,1541,1497,1393],"all_points_y":[369,445,459,438,441,501,474,375,366]},"region_attributes":{"name":"smoke2\n"}},{"shape_attributes":{"name":"rect","x":1034,"y":362,"width":282,"height":199},"region_attributes":{"name":"bbox1\n"}},{"shape_attributes":{"name":"rect","x":1350,"y":323,"width":201,"height":203},"region_attributes":{"name":"bbox\n"}}],"file_attributes":{}},"216.jpg329938":{"filename":"216.jpg","size":329938,"regions":[{"shape_attributes":{"name":"polyline","all_points_x":[1077,1141,1299,1286,1255,1242,1191,1167,1154,1110,1072],"all_points_y":[476,422,390,494,445,422,501,497,474,548,471]},"region_attributes":{"name":"smoke\n"}},{"shape_attributes":{"name":"rect","x":1031,"y":351,"width":343,"height":216},"region_attributes":{"name":"bbox\n\n"}},{"shape_attributes":{"name":"polyline","all_points_x":[1418,1413,1446,1545,1541,1414],"all_points_y":[362,415,487,431,338,362]},"region_attributes":{"name":"smoke\n"}},{"shape_attributes":{"name":"rect","x":1406,"y":310,"width":161,"height":198},"region_attributes":{"name":"bbox\n"}}],"file_attributes":{}},"217.jpg264142":{"filename":"217.jpg","size":264142,"regions":[{"shape_attributes":{"name":"polyline","all_points_x":[1082,1159,1279,1312,1275,1235,1177,1154,1110,1083],"all_points_y":[484,423,344,405,494,417,524,471,542,486]},"region_attributes":{"name":"smoke\n"}},{"shape_attributes":{"name":"rect","x":1052,"y":313,"width":308,"height":259},"region_attributes":{"name":"bbox\n"}}],"file_attributes":{}},"218.jpg286612":{"filename":"218.jpg","size":286612,"regions":[{"shape_attributes":{"name":"polyline","all_points_x":[550,621,636,636,557,548],"all_points_y":[466,418,418,459,478,459]},"region_attributes":{"name":"smoke\n"}},{"shape_attributes":{"name":"polyline","all_points_x":[1077,1163,1326,1550,1550,1436,1395,1365,1314,1299,1270,1245,1210,1176,1156,1107,1077],"all_points_y":[476,402,336,295,454,454,451,333,349,454,468,422,474,514,474,534,476]},"region_attributes":{"name":"smoke\n"}},{"shape_attributes":{"name":"rect","x":530,"y":374,"width":137,"height":128},"region_attributes":{"name":"bbox\n"}},{"shape_attributes":{"name":"rect","x":1031,"y":262,"width":560,"height":316},"region_attributes":{"name":"bbox\n"}}],"file_attributes":{}},"219.jpg376986":{"filename":"219.jpg","size":376986,"regions":[{"shape_attributes":{"name":"polyline","all_points_x":[552,613,641,636,543],"all_points_y":[474,435,435,461,476]},"region_attributes":{"name":"smoke1\n"}},{"shape_attributes":{"name":"polyline","all_points_x":[1102,1146,1306,1270,1258,1220,1194,1174,1151,1103,1088,1103],"all_points_y":[489,422,400,514,435,438,512,512,479,535,501,487]},"region_attributes":{"name":"smoke2\n"}},{"shape_attributes":{"name":"polyline","all_points_x":[1390,1403,1447,1457,1617,1452,1390],"all_points_y":[382,448,454,507,441,392,379]},"region_attributes":{"name":"smoke3\n"}},{"shape_attributes":{"name":"rect","x":543,"y":395,"width":123,"height":92},"region_attributes":{"name":"bbox1\n"}},{"shape_attributes":{"name":"rect","x":1051,"y":367,"width":277,"height":196},"region_attributes":{"name":"bbox2\n"}},{"shape_attributes":{"name":"rect","x":1382,"y":339,"width":249,"height":183},"region_attributes":{"name":"bbox3\n"}}],"file_attributes":{}},"220.jpg381390":{"filename":"220.jpg","size":381390,"regions":[{"shape_attributes":{"name":"polyline","all_points_x":[1090,1144,1275,1324,1281,1250,1191,1184,1154,1108,1083],"all_points_y":[507,461,351,344,507,415,491,507,486,543,499]},"region_attributes":{"name":"smoke1\n"}},{"shape_attributes":{"name":"polyline","all_points_x":[1393,1395,1433,1451,1525,1605,1624,1391],"all_points_y":[369,443,438,509,487,446,384,364]},"region_attributes":{"name":"smoke2\n"}},{"shape_attributes":{"name":"rect","x":1077,"y":321,"width":275,"height":237},"region_attributes":{"name":"bbox1\n"}},{"shape_attributes":{"name":"rect","x":1386,"y":300,"width":263,"height":222},"region_attributes":{"name":"bbox2\n"}}],"file_attributes":{}},"221.jpg398059":{"filename":"221.jpg","size":398059,"regions":[{"shape_attributes":{"name":"polyline","all_points_x":[1080,1191,1322,1279,1242,1186,1179,1154,1110,1074],"all_points_y":[486,431,366,496,428,501,514,476,543,481]},"region_attributes":{"name":"smoke3\n"}},{"shape_attributes":{"name":"polyline","all_points_x":[738,794,794,843,879,920,925,860,749,736],"all_points_y":[402,369,361,369,369,384,428,435,461,402]},"region_attributes":{"name":"smoke2\n"}},{"shape_attributes":{"name":"polyline","all_points_x":[575,639,639,570],"all_points_y":[473,428,458,481]},"region_attributes":{"name":"smoke1\n"}},{"shape_attributes":{"name":"rect","x":540,"y":405,"width":117,"height":86},"region_attributes":{"name":"bbox1\n"}},{"shape_attributes":{"name":"rect","x":713,"y":351,"width":227,"height":128},"region_attributes":{"name":"bbox2\n"}},{"shape_attributes":{"name":"rect","x":1046,"y":352,"width":296,"height":207},"region_attributes":{"name":"bbox3\n"}}],"file_attributes":{}},"222.jpg335406":{"filename":"222.jpg","size":335406,"regions":[{"shape_attributes":{"name":"polyline","all_points_x":[718,797,873,947,1004,1153,1312,1400,1461,1526,1599,1640,1627,1617,1582,1553,1498,1439,1439,1383,1362,1324,1306,1276,1250,1250,1028,991,972,952,909,899,874,754,720],"all_points_y":[375,382,305,323,298,305,323,328,311,237,265,306,384,481,446,474,512,514,445,374,349,343,428,510,456,405,428,331,329,426,433,417,448,459,377]},"region_attributes":{"name":"smoke\n"}},{"shape_attributes":{"name":"rect","x":654,"y":222,"width":1023,"height":331},"region_attributes":{"name":"bbox\n"}}],"file_attributes":{}},"223.jpg267267":{"filename":"223.jpg","size":267267,"regions":[{"shape_attributes":{"name":"polyline","all_points_x":[1095,1143,1143,1205,1286,1286,1307,1474,1545,1550,1431,1344,1311,1279,1245,1220,1194,1171,1156,1111,1093],"all_points_y":[501,468,415,422,428,367,277,270,283,415,454,310,413,501,435,441,482,527,474,530,501]},"region_attributes":{"name":"smoke\n"}},{"shape_attributes":{"name":"rect","x":1083,"y":227,"width":494,"height":354},"region_attributes":{"name":"bbox\n"}}],"file_attributes":{}},"224.jpg276529":{"filename":"224.jpg","size":276529,"regions":[{"shape_attributes":{"name":"polyline","all_points_x":[1089,1139,1199,1341,1382,1647,1623,1437,1351,1338,1285,1246,1112,1096],"all_points_y":[487,415,321,273,315,212,364,443,318,318,501,422,520,489]},"region_attributes":{"name":"smoke\n"}},{"shape_attributes":{"name":"rect","x":1070,"y":165,"width":604,"height":389},"region_attributes":{"name":"bbox\n"}}],"file_attributes":{}},"225.jpg147173":{"filename":"225.jpg","size":147173,"regions":[{"shape_attributes":{"name":"polyline","all_points_x":[504,591,761,418,1191,1462,1610,1610,1912,1913,1816,1742,1589,1424,1316,1032,840,655,504],"all_points_y":[621,540,489,438,201,7,5,142,140,779,792,764,716,680,659,678,731,703,627]},"region_attributes":{"name":"smoke"}},{"shape_attributes":{"name":"rect","x":311,"y":10,"width":1605,"height":805},"region_attributes":{"name":"bbox\n"}}],"file_attributes":{}},"226.jpg150324":{"filename":"226.jpg","size":150324,"regions":[{"shape_attributes":{"name":"polyline","all_points_x":[591,874,967,1117,1394,1437,1611,1611,1908,1913,1817,1640,1583,1416,1223,1006,828,655,655,611,678,591],"all_points_y":[574,462,208,148,133,7,7,128,133,764,793,751,709,675,666,698,742,756,709,695,626,574]},"region_attributes":{"name":"smoke\n"}},{"shape_attributes":{"name":"rect","x":408,"y":7,"width":1510,"height":825},"region_attributes":{"name":"bbox\n"}}],"file_attributes":{}},"227.jpg293974":{"filename":"227.jpg","size":293974,"regions":[{"shape_attributes":{"name":"polyline","all_points_x":[12,109,581,782,637,445,207,26,10],"all_points_y":[382,329,343,349,413,400,420,464,387]},"region_attributes":{"name":"smoke\n"}},{"shape_attributes":{"name":"rect","x":7,"y":278,"width":805,"height":222},"region_attributes":{"name":"bbox\n"}}],"file_attributes":{}},"228.jpg254652":{"filename":"228.jpg","size":254652,"regions":[{"shape_attributes":{"name":"polyline","all_points_x":[863,779,743,636,667,715,540,362,272,270,366,422,710,861,861],"all_points_y":[580,565,497,553,580,603,555,405,491,588,619,680,613,590,583]},"region_attributes":{"name":"smoke\n"}},{"shape_attributes":{"name":"rect","x":247,"y":356,"width":627,"height":356},"region_attributes":{"name":"bbox\n"}}],"file_attributes":{}},"229.jpg310847":{"filename":"229.jpg","size":310847,"regions":[{"shape_attributes":{"name":"polyline","all_points_x":[856,790,748,779,683,581,557,369,207,207,262,359,380,443,608,774,837,835],"all_points_y":[581,566,514,501,453,522,397,209,315,400,450,529,614,672,627,594,593,570]},"region_attributes":{"name":"smoke\n"}},{"shape_attributes":{"name":"rect","x":163,"y":168,"width":715,"height":560},"region_attributes":{"name":"bbox\n"}},{"shape_attributes":{"name":"polyline","all_points_x":[1309,1288,1263,1167,1032,1098,1199,1253,1301,1307],"all_points_y":[267,229,227,112,224,257,244,255,270,265]},"region_attributes":{"name":"smoke\n"}},{"shape_attributes":{"name":"rect","x":1016,"y":99,"width":315,"height":203},"region_attributes":{"name":"bbox\n"}}],"file_attributes":{}},"230.jpg342886":{"filename":"230.jpg","size":342886,"regions":[{"shape_attributes":{"name":"polyline","all_points_x":[738,562,538,571,461,420,343,273,287,333,290,288,397,445,591,743,729],"all_points_y":[583,571,543,410,301,194,171,367,471,520,669,698,700,680,641,594,580]},"region_attributes":{"name":"smoke\n"}},{"shape_attributes":{"name":"polyline","all_points_x":[1303,1301,1228,1148,1195,1248,1293,1301],"all_points_y":[262,211,158,217,257,273,273,260]},"region_attributes":{"name":"smoke\n"}},{"shape_attributes":{"name":"rect","x":161,"y":145,"width":642,"height":575},"region_attributes":{"name":"bbox\n"}},{"shape_attributes":{"name":"rect","x":1133,"y":148,"width":199,"height":145},"region_attributes":{"name":"bbox\n"}}],"file_attributes":{}},"231.jpg352966":{"filename":"231.jpg","size":352966,"regions":[{"shape_attributes":{"name":"polyline","all_points_x":[853,756,484,387,319,235,217,244,234,30,56,5,8,127,224,282,501,654,799,856,851],"all_points_y":[645,622,649,645,593,586,519,481,443,430,362,290,662,664,736,771,736,685,657,669,642]},"region_attributes":{"name":"smoke\n"}},{"shape_attributes":{"name":"rect","x":7,"y":257,"width":896,"height":540},"region_attributes":{"name":"bbox\n"}}],"file_attributes":{}},"232.jpg166346":{"filename":"232.jpg","size":166346,"regions":[{"shape_attributes":{"name":"polyline","all_points_x":[72,158,290,395,408,367,408,509,810,1067,1335,1400,1390,909,734,580,487,326,222,69],"all_points_y":[619,537,469,384,305,303,209,204,226,249,237,221,441,529,632,647,599,641,662,613]},"region_attributes":{"name":"smoke\n"}},{"shape_attributes":{"name":"rect","x":66,"y":145,"width":1390,"height":545},"region_attributes":{"name":"bbox\n"}}],"file_attributes":{}},"233.jpg141685":{"filename":"233.jpg","size":141685,"regions":[{"shape_attributes":{"name":"polyline","all_points_x":[68,125,226,242,240,295,372,418,555,675,822,1000,1299,1388,1444,1334,1279,1291,925,578,454,240,63],"all_points_y":[626,553,479,461,430,390,402,270,204,247,201,201,166,176,277,359,382,581,591,632,613,669,624]},"region_attributes":{"name":"smoke\n"}},{"shape_attributes":{"name":"rect","x":43,"y":119,"width":1470,"height":580},"region_attributes":{"name":"bbox\n"}}],"file_attributes":{}},"234.jpg142289":{"filename":"234.jpg","size":142289,"regions":[{"shape_attributes":{"name":"polyline","all_points_x":[117,168,308,489,570,603,586,695,843,902,1191,1276,1312,1219,1087,1056,779,580,372,273,221,112,115],"all_points_y":[624,537,418,278,270,262,235,175,168,231,198,333,481,529,520,578,624,599,627,655,665,637,619]},"region_attributes":{"name":"smoke"}},{"shape_attributes":{"name":"rect","x":87,"y":122,"width":1242,"height":580},"region_attributes":{"name":"bbox\n"}}],"file_attributes":{}},"235.jpg156977":{"filename":"235.jpg","size":156977,"regions":[{"shape_attributes":{"name":"polyline","all_points_x":[132,247,329,476,418,757,833,985,1154,1146,902,748,703,733,927,958,718,486,227,112,137],"all_points_y":[629,514,418,370,308,221,249,244,272,349,418,435,466,519,504,614,644,609,665,631,621]},"region_attributes":{"name":"smoke\n"}},{"shape_attributes":{"name":"rect","x":84,"y":203,"width":1187,"height":529},"region_attributes":{"name":"bbox\n"}}],"file_attributes":{}},"236.jpg151741":{"filename":"236.jpg","size":151741,"regions":[{"shape_attributes":{"name":"polyline","all_points_x":[114,235,494,687,917,1100,1225,1174,790,576,415,227,148,109],"all_points_y":[626,540,423,336,343,402,487,637,639,644,665,654,645,626]},"region_attributes":{"name":"smoke\n"}},{"shape_attributes":{"name":"rect","x":72,"y":282,"width":1235,"height":456},"region_attributes":{"name":"bbox\n"}}],"file_attributes":{}},"237.jpg155368":{"filename":"237.jpg","size":155368,"regions":[{"shape_attributes":{"name":"polyline","all_points_x":[217,209,334,318,268,189,254,398,543,744,759,772,746,790,774,662,716,576,445,287,262,214,221],"all_points_y":[654,578,530,473,394,326,193,59,3,10,66,119,156,203,250,277,356,426,580,650,672,670,649]},"region_attributes":{"name":"smoke\n"}},{"shape_attributes":{"name":"rect","x":114,"y":3,"width":736,"height":695},"region_attributes":{"name":"bbox\n"}}],"file_attributes":{}},"238.jpg160034":{"filename":"238.jpg","size":160034,"regions":[{"shape_attributes":{"name":"polyline","all_points_x":[216,216,104,8,10,221,280,395,468,818,1018,1079,1118,1064,835,695,552,390,207],"all_points_y":[657,550,507,448,308,257,214,216,257,184,235,278,357,435,593,700,678,672,652]},"region_attributes":{"name":"smoke\n"}},{"shape_attributes":{"name":"rect","x":10,"y":145,"width":1141,"height":558},"region_attributes":{"name":"bbox\n\n"}}],"file_attributes":{}},"239.jpg162135":{"filename":"239.jpg","size":162135,"regions":[{"shape_attributes":{"name":"polyline","all_points_x":[229,254,252,207,150,198,366,497,570,736,813,846,728,1014,1174,1235,1319,1163,1329,1296,1029,611,514,379,221],"all_points_y":[662,624,542,527,408,298,189,189,179,53,16,21,184,203,170,123,135,290,329,543,562,650,685,673,660]},"region_attributes":{"name":"smoke\n"}},{"shape_attributes":{"name":"rect","x":104,"y":8,"width":1303,"height":685},"region_attributes":{"name":"bbox\n"}}],"file_attributes":{}},"240.jpg329799":{"filename":"240.jpg","size":329799,"regions":[{"shape_attributes":{"name":"polyline","all_points_x":[741,540,496,402,323,306,239,221,150,36,3,3,91,130,313,461,622,741],"all_points_y":[649,670,665,652,659,616,616,547,506,422,423,667,739,771,766,748,692,645]},"region_attributes":{"name":"smoke\n"}},{"shape_attributes":{"name":"rect","x":5,"y":331,"width":794,"height":473},"region_attributes":{"name":"bbox\n"}}],"file_attributes":{}},"241.jpg277049":{"filename":"241.jpg","size":277049,"regions":[{"shape_attributes":{"name":"polyline","all_points_x":[1278,1342,1400,1385,1498,1503,1503,1444,1406,1288],"all_points_y":[550,547,543,445,445,514,566,547,578,571]},"region_attributes":{"name":"smoke\n"}},{"shape_attributes":{"name":"rect","x":1266,"y":379,"width":249,"height":227},"region_attributes":{"name":"bbox\n"}}],"file_attributes":{}},"242.jpg271093":{"filename":"242.jpg","size":271093,"regions":[{"shape_attributes":{"name":"polyline","all_points_x":[1284,1330,1367,1400,1406,1304,1279,1288],"all_points_y":[547,535,491,473,571,573,566,540]},"region_attributes":{"name":"smoke\n"}},{"shape_attributes":{"name":"rect","x":1263,"y":448,"width":184,"height":148},"region_attributes":{"name":"bbox\n"}}],"file_attributes":{}},"243.jpg213249":{"filename":"243.jpg","size":213249,"regions":[{"shape_attributes":{"name":"polyline","all_points_x":[1103,1074,965,879,797,753,725,725,451,446,621,744,807,850,866,892,901,939,1011,1097],"all_points_y":[454,408,441,329,349,313,323,336,329,473,471,431,438,506,515,448,446,530,514,461]},"region_attributes":{"name":"smoke\n"}},{"shape_attributes":{"name":"rect","x":397,"y":270,"width":813,"height":296},"region_attributes":{"name":"bbox\n"}}],"file_attributes":{}},"244.jpg211029":{"filename":"244.jpg","size":211029,"regions":[{"shape_attributes":{"name":"polyline","all_points_x":[1031,1008,1041,937,919,878,876,787,774,728,456,456,622,695,728,809,851,891,902,932,947,1024,1031],"all_points_y":[484,435,398,343,390,398,367,343,319,333,331,402,441,433,512,509,524,448,458,501,530,491,486]},"region_attributes":{"name":"smoke\n"}},{"shape_attributes":{"name":"rect","x":433,"y":293,"width":688,"height":328},"region_attributes":{"name":"bbox\n"}}],"file_attributes":{}},"245.jpg244246":{"filename":"245.jpg","size":244246,"regions":[{"shape_attributes":{"name":"polyline","all_points_x":[1219,1143,1077,1003,957,846,784,729,603,629,813,861,886,944,1006,1095,1139,1210,1214],"all_points_y":[529,482,446,433,356,370,374,336,331,390,504,545,445,510,510,468,547,568,532]},"region_attributes":{"name":"smoke\n"}},{"shape_attributes":{"name":"rect","x":583,"y":245,"width":697,"height":347},"region_attributes":{"name":"bbox\n"}}],"file_attributes":{}},"246.jpg242198":{"filename":"246.jpg","size":242198,"regions":[{"shape_attributes":{"name":"polyline","all_points_x":[1125,1041,1009,899,868,799,734,728,557,543,650,703,813,894,1019,1087,1158,1209,1212,1169,1130],"all_points_y":[466,430,366,369,321,333,272,349,333,389,448,398,448,443,507,469,560,566,534,527,468]},"region_attributes":{"name":"smoke\n"}},{"shape_attributes":{"name":"rect","x":515,"y":260,"width":785,"height":326},"region_attributes":{"name":"bbox\n"}}],"file_attributes":{}},"247.jpg242129":{"filename":"247.jpg","size":242129,"regions":[{"shape_attributes":{"name":"polyline","all_points_x":[1024,988,1011,998,902,924,891,772,715,463,456,616,800,851,896,967,1047,1024],"all_points_y":[486,443,431,375,357,290,270,277,333,328,423,441,443,492,446,534,494,486]},"region_attributes":{"name":"smoke\n"}},{"shape_attributes":{"name":"rect","x":425,"y":232,"width":687,"height":334},"region_attributes":{"name":"bbox\n"}}],"file_attributes":{}},"248.jpg237936":{"filename":"248.jpg","size":237936,"regions":[{"shape_attributes":{"name":"polyline","all_points_x":[1067,995,1006,897,833,802,726,726,459,445,580,649,700,772,873,886,906,934,988,1072],"all_points_y":[474,466,407,362,412,349,323,336,329,410,454,492,492,520,525,443,443,525,538,473]},"region_attributes":{"name":"smoke\n"}},{"shape_attributes":{"name":"rect","x":418,"y":272,"width":711,"height":293},"region_attributes":{"name":"bbox\n"}}],"file_attributes":{}},"249.jpg216895":{"filename":"249.jpg","size":216895,"regions":[{"shape_attributes":{"name":"polyline","all_points_x":[1042,1009,963,899,840,800,695,461,459,552,680,832,889,912,940,1004,1042],"all_points_y":[489,461,461,375,359,407,336,326,464,474,527,540,445,450,548,545,491]},"region_attributes":{"name":"smoke\n"}},{"shape_attributes":{"name":"rect","x":417,"y":300,"width":695,"height":291},"region_attributes":{"name":"bbox\n"}}],"file_attributes":{}},"250.jpg200733":{"filename":"250.jpg","size":200733,"regions":[{"shape_attributes":{"name":"polyline","all_points_x":[1021,995,916,850,785,728,723,482,448,451,568,710,820,891,937,993,1021],"all_points_y":[496,420,412,362,375,316,344,329,328,433,496,468,507,446,537,535,494]},"region_attributes":{"name":"smoke\n"}},{"shape_attributes":{"name":"rect","x":413,"y":288,"width":644,"height":285},"region_attributes":{"name":"bbox\n"}}],"file_attributes":{}}}