{"379.jpg269863":{"filename":"379.jpg","size":269863,"regions":[{"shape_attributes":{"name":"polyline","all_points_x":[954,977,993,1024,1042,1108,1075,1050,954],"all_points_y":[545,518,515,484,465,468,498,536,547]},"region_attributes":{"name":"smoke"}},{"shape_attributes":{"name":"rect","x":921,"y":438,"width":236,"height":133},"region_attributes":{"name":"bbox\n"}}],"file_attributes":{}},"380.jpg414317":{"filename":"380.jpg","size":414317,"regions":[{"shape_attributes":{"name":"polyline","all_points_x":[947,978,1115,1130,1232,1335,1384,1576,1682,1524,1319,1175,1102,991,948],"all_points_y":[568,506,395,381,381,222,82,101,216,358,479,496,506,558,568]},"region_attributes":{"name":"smoke\n"}},{"shape_attributes":{"name":"rect","x":883,"y":68,"width":885,"height":512},"region_attributes":{"name":"bbox\n"}}],"file_attributes":{}},"381.jpg401874":{"filename":"381.jpg","size":401874,"regions":[{"shape_attributes":{"name":"polyline","all_points_x":[951,996,1035,1094,1037,1119,1119,1194,1183,1275,1310,1311,1448,1467,1506,1773,1792,1780,1310,1227,1102,1021,948,948],"all_points_y":[553,484,393,371,287,254,214,198,87,35,35,71,89,135,190,124,281,338,414,495,499,564,566,549]},"region_attributes":{"name":"smoke\n"}},{"shape_attributes":{"name":"rect","x":878,"y":8,"width":977,"height":579},"region_attributes":{"name":"bbox\n"}}],"file_attributes":{}},"382.jpg111236":{"filename":"382.jpg","size":111236,"regions":[{"shape_attributes":{"name":"polyline","all_points_x":[1176,1056,1032,986,958,867,834,736,200,11,6,257,263,403,422,761,1031,1105,1176,1170],"all_points_y":[558,514,517,447,441,469,514,550,514,485,544,569,596,585,569,595,614,610,609,549]},"region_attributes":{"name":"smoke\n"}},{"shape_attributes":{"name":"polyline","all_points_x":[625,582,495,349,308,212,22,10,230,336,415,425,472,457,498,498,555,606,641,620],"all_points_y":[439,422,460,431,385,439,420,342,274,311,350,314,342,376,387,354,361,407,426,446]},"region_attributes":{"name":"smoke\n"}},{"shape_attributes":{"name":"rect","x":5,"y":224,"width":694,"height":246},"region_attributes":{"name":"bbox\n"}},{"shape_attributes":{"name":"rect","x":0,"y":428,"width":1216,"height":270},"region_attributes":{"name":"bbox\n"}}],"file_attributes":{}},"383.jpg109401":{"filename":"383.jpg","size":109401,"regions":[{"shape_attributes":{"name":"polyline","all_points_x":[875,847,901,799,725,602,484,314,257,3,8,98,141,216,270,341,377,449,583,701,766,812,883],"all_points_y":[553,480,395,316,400,287,268,197,251,255,498,488,453,479,514,509,477,514,485,480,490,533,553]},"region_attributes":{"name":"smoke\n"}},{"shape_attributes":{"name":"rect","x":6,"y":154,"width":967,"height":463},"region_attributes":{"name":"bbox\n"}}],"file_attributes":{}},"384.jpg397188":{"filename":"384.jpg","size":397188,"regions":[{"shape_attributes":{"name":"polyline","all_points_x":[954,972,1005,985,1012,999,1067,1124,1113,1289,1259,1291,1619,1627,1443,1329,1233,1170,1099,1067,983,948],"all_points_y":[560,523,504,465,434,401,339,309,170,103,63,13,8,146,200,308,363,453,479,545,568,555]},"region_attributes":{"name":"smoke\n"}},{"shape_attributes":{"name":"rect","x":823,"y":3,"width":818,"height":580},"region_attributes":{"name":"bbox\n"}}],"file_attributes":{}},"385.jpg408827":{"filename":"385.jpg","size":408827,"regions":[{"shape_attributes":{"name":"polyline","all_points_x":[954,953,1070,1041,1038,1085,1096,1062,1054,1097,1147,1179,1183,1269,1292,1338,1340,1542,1589,1632,1610,1799,1719,1475,1446,1502,1367,1264,1253,1097,951],"all_points_y":[562,505,435,382,358,321,259,247,182,180,228,201,162,137,180,164,61,77,3,3,104,93,243,231,260,326,357,389,477,533,566]},"region_attributes":{"name":"smoke\n"}},{"shape_attributes":{"name":"rect","x":856,"y":11,"width":940,"height":558},"region_attributes":{"name":"bbox\n"}}],"file_attributes":{}},"386.jpg384539":{"filename":"386.jpg","size":384539,"regions":[{"shape_attributes":{"name":"polyline","all_points_x":[468,451,435,468],"all_points_y":[363,357,365,363]},"region_attributes":{"name":"smoke\n"}},{"shape_attributes":{"name":"rect","x":411,"y":337,"width":80,"height":39},"region_attributes":{"name":"bbox\n"}}],"file_attributes":{}},"387.jpg384909":{"filename":"387.jpg","size":384909,"regions":[{"shape_attributes":{"name":"polyline","all_points_x":[468,449,441,425,419,430,465,465],"all_points_y":[361,355,350,327,349,365,368,357]},"region_attributes":{"name":"smoke\n"}},{"shape_attributes":{"name":"rect","x":379,"y":309,"width":114,"height":75},"region_attributes":{"name":"bbox\n"}}],"file_attributes":{}},"388.jpg230425":{"filename":"388.jpg","size":230425,"regions":[{"shape_attributes":{"name":"polyline","all_points_x":[1333,1302,1191,1142,1077,1050,896,872,805,713,606,189,354,493,599,653,652,648,915,1151,1324,1335],"all_points_y":[596,544,558,503,520,433,466,385,274,187,3,2,224,355,414,520,576,585,596,601,593,593]},"region_attributes":{"name":"smoke\n"}},{"shape_attributes":{"name":"rect","x":138,"y":2,"width":1256,"height":622},"region_attributes":{"name":"bbox\n"}}],"file_attributes":{}},"389.jpg235349":{"filename":"389.jpg","size":235349,"regions":[{"shape_attributes":{"name":"polyline","all_points_x":[842,1211,1202,1110,932,882,853,767,574,381,449,556,599,729,783,815,831,734,691,777,843],"all_points_y":[606,612,572,525,501,404,224,136,311,431,469,507,496,382,355,450,488,455,501,558,604]},"region_attributes":{"name":"smoke\n"}},{"shape_attributes":{"name":"rect","x":344,"y":97,"width":958,"height":534},"region_attributes":{"name":"bbox\n"}}],"file_attributes":{}},"390.jpg381862":{"filename":"390.jpg","size":381862,"regions":[{"shape_attributes":{"name":"polyline","all_points_x":[460,431,415,349,192,101,224,228,339,385,415,422,469,457],"all_points_y":[357,335,273,252,111,236,276,312,312,331,355,368,366,349]},"region_attributes":{"name":"smoke\n"}},{"shape_attributes":{"name":"rect","x":92,"y":71,"width":385,"height":311},"region_attributes":{"name":"bbox\n"}}],"file_attributes":{}},"391.jpg376926":{"filename":"391.jpg","size":376926,"regions":[{"shape_attributes":{"name":"polyline","all_points_x":[450,414,396,266,65,10,140,147,254,319,381,460,450],"all_points_y":[357,349,301,98,35,97,174,244,311,342,368,368,354]},"region_attributes":{"name":"smoke\n"}},{"shape_attributes":{"name":"rect","x":10,"y":17,"width":457,"height":366},"region_attributes":{"name":"bbox\n"}}],"file_attributes":{}},"392.jpg237590":{"filename":"392.jpg","size":237590,"regions":[{"shape_attributes":{"name":"polyline","all_points_x":[1203,771,691,628,579,607,591,482,460,333,243,3,128,531,528,539,596,679,702,726,821,864,943,981,1189],"all_points_y":[609,604,541,547,503,419,358,355,311,285,323,241,8,5,122,209,230,254,349,401,407,498,522,555,604]},"region_attributes":{"name":"smoke\n"}},{"shape_attributes":{"name":"rect","x":5,"y":6,"width":1262,"height":634},"region_attributes":{"name":"bbox\n"}}],"file_attributes":{}},"393.jpg226536":{"filename":"393.jpg","size":226536,"regions":[{"shape_attributes":{"name":"polyline","all_points_x":[1100,918,867,837,701,636,517,593,596,910,1107,1097],"all_points_y":[593,558,561,533,517,476,490,550,606,602,601,585]},"region_attributes":{"name":"smoke\n"}},{"shape_attributes":{"name":"rect","x":468,"y":453,"width":729,"height":173},"region_attributes":{"name":"bbox\n"}}],"file_attributes":{}},"394.jpg383253":{"filename":"394.jpg","size":383253,"regions":[{"shape_attributes":{"name":"polyline","all_points_x":[460,415,341,254,342,377,428,469,453],"all_points_y":[361,330,214,273,323,350,369,368,355]},"region_attributes":{"name":"smoke\n"}},{"shape_attributes":{"name":"rect","x":244,"y":182,"width":238,"height":208},"region_attributes":{"name":"bbox\n"}}],"file_attributes":{}},"395.jpg383531":{"filename":"395.jpg","size":383531,"regions":[{"shape_attributes":{"name":"polyline","all_points_x":[460,444,428,322,312,374,411,422,425,468,458],"all_points_y":[358,355,293,241,273,314,327,360,366,369,355]},"region_attributes":{"name":"smoke\n"}},{"shape_attributes":{"name":"rect","x":295,"y":206,"width":224,"height":179},"region_attributes":{"name":"bbox\n"}}],"file_attributes":{}},"396.jpg224829":{"filename":"396.jpg","size":224829,"regions":[{"shape_attributes":{"name":"polyline","all_points_x":[1260,951,932,785,729,783,794,1264,1262],"all_points_y":[602,555,425,285,312,423,601,602,602]},"region_attributes":{"name":"smoke\n"}},{"shape_attributes":{"name":"rect","x":717,"y":244,"width":547,"height":374},"region_attributes":{"name":"bbox\n"}}],"file_attributes":{}},"397.jpg221551":{"filename":"397.jpg","size":221551,"regions":[{"shape_attributes":{"name":"polyline","all_points_x":[1157,948,847,815,745,771,780,1156,1154],"all_points_y":[595,564,533,419,431,571,602,609,596]},"region_attributes":{"name":"smoke\n"}},{"shape_attributes":{"name":"rect","x":655,"y":393,"width":544,"height":239},"region_attributes":{"name":"bbox\n"}}],"file_attributes":{}},"398.jpg383107":{"filename":"398.jpg","size":383107,"regions":[{"shape_attributes":{"name":"polyline","all_points_x":[465,428,409,327,333,390,395,431,463,461],"all_points_y":[360,336,274,254,298,330,357,368,368,355]},"region_attributes":{"name":"smoke\n"}},{"shape_attributes":{"name":"rect","x":312,"y":235,"width":166,"height":154},"region_attributes":{"name":"bbox\n"}}],"file_attributes":{}},"399.jpg228909":{"filename":"399.jpg","size":228909,"regions":[{"shape_attributes":{"name":"polyline","all_points_x":[1149,1012,956,935,824,872,897,897,1157,1142],"all_points_y":[596,563,480,431,390,517,593,596,602,595]},"region_attributes":{"name":"smoke\n"}},{"shape_attributes":{"name":"rect","x":753,"y":371,"width":436,"height":266},"region_attributes":{"name":"bbox\n"}}],"file_attributes":{}},"400.jpg383241":{"filename":"400.jpg","size":383241,"regions":[{"shape_attributes":{"name":"polyline","all_points_x":[469,449,415,393,393,468,468],"all_points_y":[358,336,330,349,366,365,358]},"region_attributes":{"name":"smoke\n"}},{"shape_attributes":{"name":"rect","x":377,"y":311,"width":108,"height":70},"region_attributes":{"name":"bbox\n"}}],"file_attributes":{}},"401.jpg233616":{"filename":"401.jpg","size":233616,"regions":[{"shape_attributes":{"name":"polyline","all_points_x":[1097,999,966,942,875,893,864,1097,1097],"all_points_y":[595,544,544,493,496,555,598,602,588]},"region_attributes":{"name":"smoke\n"}},{"shape_attributes":{"name":"rect","x":839,"y":482,"width":281,"height":144},"region_attributes":{"name":"bbox\n"}}],"file_attributes":{}}}